date,year,month_number,month_name,quarter,year_month,economic_period,period_order,volume_growth_status,metric_code,percentage,metric,comparison
1997-01-01,1997,1,January,1997Q1,1997-01,Pre-pandemic (1997–2019),1,Strong growth (3% or more),value_yoy_pct,6.2,Sales value growth,Year-on-year
1997-02-01,1997,2,February,1997Q1,1997-02,Pre-pandemic (1997–2019),1,Strong growth (3% or more),value_yoy_pct,4.6,Sales value growth,Year-on-year
1997-03-01,1997,3,March,1997Q1,1997-03,Pre-pandemic (1997–2019),1,Strong growth (3% or more),value_yoy_pct,5.3,Sales value growth,Year-on-year
1997-04-01,1997,4,April,1997Q2,1997-04,Pre-pandemic (1997–2019),1,Strong growth (3% or more),value_yoy_pct,3.9,Sales value growth,Year-on-year
1997-05-01,1997,5,May,1997Q2,1997-05,Pre-pandemic (1997–2019),1,Strong growth (3% or more),value_yoy_pct,4.4,Sales value growth,Year-on-year
1997-06-01,1997,6,June,1997Q2,1997-06,Pre-pandemic (1997–2019),1,Strong growth (3% or more),value_yoy_pct,5.0,Sales value growth,Year-on-year
1997-07-01,1997,7,July,1997Q3,1997-07,Pre-pandemic (1997–2019),1,Strong growth (3% or more),value_yoy_pct,6.3,Sales value growth,Year-on-year
1997-08-01,1997,8,August,1997Q3,1997-08,Pre-pandemic (1997–2019),1,Strong growth (3% or more),value_yoy_pct,5.3,Sales value growth,Year-on-year
1997-09-01,1997,9,September,1997Q3,1997-09,Pre-pandemic (1997–2019),1,Moderate growth (below 3%),value_yoy_pct,3.5,Sales value growth,Year-on-year
1997-10-01,1997,10,October,1997Q4,1997-10,Pre-pandemic (1997–2019),1,Strong growth (3% or more),value_yoy_pct,5.7,Sales value growth,Year-on-year
1997-11-01,1997,11,November,1997Q4,1997-11,Pre-pandemic (1997–2019),1,Strong growth (3% or more),value_yoy_pct,4.8,Sales value growth,Year-on-year
1997-12-01,1997,12,December,1997Q4,1997-12,Pre-pandemic (1997–2019),1,Strong growth (3% or more),value_yoy_pct,8.2,Sales value growth,Year-on-year
1998-01-01,1998,1,January,1998Q1,1998-01,Pre-pandemic (1997–2019),1,Strong growth (3% or more),value_yoy_pct,6.3,Sales value growth,Year-on-year
1998-02-01,1998,2,February,1998Q1,1998-02,Pre-pandemic (1997–2019),1,Strong growth (3% or more),value_yoy_pct,5.5,Sales value growth,Year-on-year
1998-03-01,1998,3,March,1998Q1,1998-03,Pre-pandemic (1997–2019),1,Moderate growth (below 3%),value_yoy_pct,3.9,Sales value growth,Year-on-year
1998-04-01,1998,4,April,1998Q2,1998-04,Pre-pandemic (1997–2019),1,Moderate growth (below 3%),value_yoy_pct,4.0,Sales value growth,Year-on-year
1998-05-01,1998,5,May,1998Q2,1998-05,Pre-pandemic (1997–2019),1,Strong growth (3% or more),value_yoy_pct,5.4,Sales value growth,Year-on-year
1998-06-01,1998,6,June,1998Q2,1998-06,Pre-pandemic (1997–2019),1,Moderate growth (below 3%),value_yoy_pct,2.3,Sales value growth,Year-on-year
1998-07-01,1998,7,July,1998Q3,1998-07,Pre-pandemic (1997–2019),1,Moderate growth (below 3%),value_yoy_pct,2.9,Sales value growth,Year-on-year
1998-08-01,1998,8,August,1998Q3,1998-08,Pre-pandemic (1997–2019),1,Strong growth (3% or more),value_yoy_pct,4.7,Sales value growth,Year-on-year
1998-09-01,1998,9,September,1998Q3,1998-09,Pre-pandemic (1997–2019),1,Moderate growth (below 3%),value_yoy_pct,3.8,Sales value growth,Year-on-year
1998-10-01,1998,10,October,1998Q4,1998-10,Pre-pandemic (1997–2019),1,Moderate growth (below 3%),value_yoy_pct,1.5,Sales value growth,Year-on-year
1998-11-01,1998,11,November,1998Q4,1998-11,Pre-pandemic (1997–2019),1,Moderate growth (below 3%),value_yoy_pct,1.7,Sales value growth,Year-on-year
1998-12-01,1998,12,December,1998Q4,1998-12,Pre-pandemic (1997–2019),1,Contraction,value_yoy_pct,0.3,Sales value growth,Year-on-year
1999-01-01,1999,1,January,1999Q1,1999-01,Pre-pandemic (1997–2019),1,Moderate growth (below 3%),value_yoy_pct,2.0,Sales value growth,Year-on-year
1999-02-01,1999,2,February,1999Q1,1999-02,Pre-pandemic (1997–2019),1,Moderate growth (below 3%),value_yoy_pct,1.5,Sales value growth,Year-on-year
1999-03-01,1999,3,March,1999Q1,1999-03,Pre-pandemic (1997–2019),1,Moderate growth (below 3%),value_yoy_pct,1.9,Sales value growth,Year-on-year
1999-04-01,1999,4,April,1999Q2,1999-04,Pre-pandemic (1997–2019),1,Moderate growth (below 3%),value_yoy_pct,2.4,Sales value growth,Year-on-year
1999-05-01,1999,5,May,1999Q2,1999-05,Pre-pandemic (1997–2019),1,Moderate growth (below 3%),value_yoy_pct,2.1,Sales value growth,Year-on-year
1999-06-01,1999,6,June,1999Q2,1999-06,Pre-pandemic (1997–2019),1,Strong growth (3% or more),value_yoy_pct,3.9,Sales value growth,Year-on-year
1999-07-01,1999,7,July,1999Q3,1999-07,Pre-pandemic (1997–2019),1,Moderate growth (below 3%),value_yoy_pct,2.7,Sales value growth,Year-on-year
1999-08-01,1999,8,August,1999Q3,1999-08,Pre-pandemic (1997–2019),1,Moderate growth (below 3%),value_yoy_pct,2.2,Sales value growth,Year-on-year
1999-09-01,1999,9,September,1999Q3,1999-09,Pre-pandemic (1997–2019),1,Moderate growth (below 3%),value_yoy_pct,2.3,Sales value growth,Year-on-year
1999-10-01,1999,10,October,1999Q4,1999-10,Pre-pandemic (1997–2019),1,Strong growth (3% or more),value_yoy_pct,3.8,Sales value growth,Year-on-year
1999-11-01,1999,11,November,1999Q4,1999-11,Pre-pandemic (1997–2019),1,Strong growth (3% or more),value_yoy_pct,4.1,Sales value growth,Year-on-year
1999-12-01,1999,12,December,1999Q4,1999-12,Pre-pandemic (1997–2019),1,Strong growth (3% or more),value_yoy_pct,6.5,Sales value growth,Year-on-year
2000-01-01,2000,1,January,2000Q1,2000-01,Pre-pandemic (1997–2019),1,Strong growth (3% or more),value_yoy_pct,6.3,Sales value growth,Year-on-year
2000-02-01,2000,2,February,2000Q1,2000-02,Pre-pandemic (1997–2019),1,Strong growth (3% or more),value_yoy_pct,4.8,Sales value growth,Year-on-year
2000-03-01,2000,3,March,2000Q1,2000-03,Pre-pandemic (1997–2019),1,Strong growth (3% or more),value_yoy_pct,5.0,Sales value growth,Year-on-year
2000-04-01,2000,4,April,2000Q2,2000-04,Pre-pandemic (1997–2019),1,Strong growth (3% or more),value_yoy_pct,7.0,Sales value growth,Year-on-year
2000-05-01,2000,5,May,2000Q2,2000-05,Pre-pandemic (1997–2019),1,Strong growth (3% or more),value_yoy_pct,4.3,Sales value growth,Year-on-year
2000-06-01,2000,6,June,2000Q2,2000-06,Pre-pandemic (1997–2019),1,Strong growth (3% or more),value_yoy_pct,4.0,Sales value growth,Year-on-year
2000-07-01,2000,7,July,2000Q3,2000-07,Pre-pandemic (1997–2019),1,Strong growth (3% or more),value_yoy_pct,3.8,Sales value growth,Year-on-year
2000-08-01,2000,8,August,2000Q3,2000-08,Pre-pandemic (1997–2019),1,Strong growth (3% or more),value_yoy_pct,4.4,Sales value growth,Year-on-year
2000-09-01,2000,9,September,2000Q3,2000-09,Pre-pandemic (1997–2019),1,Strong growth (3% or more),value_yoy_pct,5.1,Sales value growth,Year-on-year
2000-10-01,2000,10,October,2000Q4,2000-10,Pre-pandemic (1997–2019),1,Strong growth (3% or more),value_yoy_pct,4.6,Sales value growth,Year-on-year
2000-11-01,2000,11,November,2000Q4,2000-11,Pre-pandemic (1997–2019),1,Strong growth (3% or more),value_yoy_pct,4.5,Sales value growth,Year-on-year
2000-12-01,2000,12,December,2000Q4,2000-12,Pre-pandemic (1997–2019),1,Strong growth (3% or more),value_yoy_pct,3.9,Sales value growth,Year-on-year
2001-01-01,2001,1,January,2001Q1,2001-01,Pre-pandemic (1997–2019),1,Moderate growth (below 3%),value_yoy_pct,2.4,Sales value growth,Year-on-year
2001-02-01,2001,2,February,2001Q1,2001-02,Pre-pandemic (1997–2019),1,Strong growth (3% or more),value_yoy_pct,3.8,Sales value growth,Year-on-year
2001-03-01,2001,3,March,2001Q1,2001-03,Pre-pandemic (1997–2019),1,Strong growth (3% or more),value_yoy_pct,3.7,Sales value growth,Year-on-year
2001-04-01,2001,4,April,2001Q2,2001-04,Pre-pandemic (1997–2019),1,Strong growth (3% or more),value_yoy_pct,1.4,Sales value growth,Year-on-year
2001-05-01,2001,5,May,2001Q2,2001-05,Pre-pandemic (1997–2019),1,Strong growth (3% or more),value_yoy_pct,5.8,Sales value growth,Year-on-year
2001-06-01,2001,6,June,2001Q2,2001-06,Pre-pandemic (1997–2019),1,Strong growth (3% or more),value_yoy_pct,5.3,Sales value growth,Year-on-year
2001-07-01,2001,7,July,2001Q3,2001-07,Pre-pandemic (1997–2019),1,Strong growth (3% or more),value_yoy_pct,5.5,Sales value growth,Year-on-year
2001-08-01,2001,8,August,2001Q3,2001-08,Pre-pandemic (1997–2019),1,Strong growth (3% or more),value_yoy_pct,4.4,Sales value growth,Year-on-year
2001-09-01,2001,9,September,2001Q3,2001-09,Pre-pandemic (1997–2019),1,Strong growth (3% or more),value_yoy_pct,5.2,Sales value growth,Year-on-year
2001-10-01,2001,10,October,2001Q4,2001-10,Pre-pandemic (1997–2019),1,Strong growth (3% or more),value_yoy_pct,4.7,Sales value growth,Year-on-year
2001-11-01,2001,11,November,2001Q4,2001-11,Pre-pandemic (1997–2019),1,Strong growth (3% or more),value_yoy_pct,4.5,Sales value growth,Year-on-year
2001-12-01,2001,12,December,2001Q4,2001-12,Pre-pandemic (1997–2019),1,Strong growth (3% or more),value_yoy_pct,5.3,Sales value growth,Year-on-year
2002-01-01,2002,1,January,2002Q1,2002-01,Pre-pandemic (1997–2019),1,Strong growth (3% or more),value_yoy_pct,4.7,Sales value growth,Year-on-year
2002-02-01,2002,2,February,2002Q1,2002-02,Pre-pandemic (1997–2019),1,Strong growth (3% or more),value_yoy_pct,6.3,Sales value growth,Year-on-year
2002-03-01,2002,3,March,2002Q1,2002-03,Pre-pandemic (1997–2019),1,Strong growth (3% or more),value_yoy_pct,6.7,Sales value growth,Year-on-year
2002-04-01,2002,4,April,2002Q2,2002-04,Pre-pandemic (1997–2019),1,Strong growth (3% or more),value_yoy_pct,7.6,Sales value growth,Year-on-year
2002-05-01,2002,5,May,2002Q2,2002-05,Pre-pandemic (1997–2019),1,Strong growth (3% or more),value_yoy_pct,3.8,Sales value growth,Year-on-year
2002-06-01,2002,6,June,2002Q2,2002-06,Pre-pandemic (1997–2019),1,Strong growth (3% or more),value_yoy_pct,2.2,Sales value growth,Year-on-year
2002-07-01,2002,7,July,2002Q3,2002-07,Pre-pandemic (1997–2019),1,Strong growth (3% or more),value_yoy_pct,4.2,Sales value growth,Year-on-year
2002-08-01,2002,8,August,2002Q3,2002-08,Pre-pandemic (1997–2019),1,Strong growth (3% or more),value_yoy_pct,3.5,Sales value growth,Year-on-year
2002-09-01,2002,9,September,2002Q3,2002-09,Pre-pandemic (1997–2019),1,Strong growth (3% or more),value_yoy_pct,3.4,Sales value growth,Year-on-year
2002-10-01,2002,10,October,2002Q4,2002-10,Pre-pandemic (1997–2019),1,Strong growth (3% or more),value_yoy_pct,4.1,Sales value growth,Year-on-year
2002-11-01,2002,11,November,2002Q4,2002-11,Pre-pandemic (1997–2019),1,Strong growth (3% or more),value_yoy_pct,4.4,Sales value growth,Year-on-year
2002-12-01,2002,12,December,2002Q4,2002-12,Pre-pandemic (1997–2019),1,Moderate growth (below 3%),value_yoy_pct,1.1,Sales value growth,Year-on-year
2003-01-01,2003,1,January,2003Q1,2003-01,Pre-pandemic (1997–2019),1,Moderate growth (below 3%),value_yoy_pct,2.4,Sales value growth,Year-on-year
2003-02-01,2003,2,February,2003Q1,2003-02,Pre-pandemic (1997–2019),1,Moderate growth (below 3%),value_yoy_pct,2.1,Sales value growth,Year-on-year
2003-03-01,2003,3,March,2003Q1,2003-03,Pre-pandemic (1997–2019),1,Moderate growth (below 3%),value_yoy_pct,2.5,Sales value growth,Year-on-year
2003-04-01,2003,4,April,2003Q2,2003-04,Pre-pandemic (1997–2019),1,Moderate growth (below 3%),value_yoy_pct,0.2,Sales value growth,Year-on-year
2003-05-01,2003,5,May,2003Q2,2003-05,Pre-pandemic (1997–2019),1,Moderate growth (below 3%),value_yoy_pct,0.6,Sales value growth,Year-on-year
2003-06-01,2003,6,June,2003Q2,2003-06,Pre-pandemic (1997–2019),1,Strong growth (3% or more),value_yoy_pct,3.3,Sales value growth,Year-on-year
2003-07-01,2003,7,July,2003Q3,2003-07,Pre-pandemic (1997–2019),1,Moderate growth (below 3%),value_yoy_pct,2.3,Sales value growth,Year-on-year
2003-08-01,2003,8,August,2003Q3,2003-08,Pre-pandemic (1997–2019),1,Moderate growth (below 3%),value_yoy_pct,3.2,Sales value growth,Year-on-year
2003-09-01,2003,9,September,2003Q3,2003-09,Pre-pandemic (1997–2019),1,Strong growth (3% or more),value_yoy_pct,3.2,Sales value growth,Year-on-year
2003-10-01,2003,10,October,2003Q4,2003-10,Pre-pandemic (1997–2019),1,Moderate growth (below 3%),value_yoy_pct,3.1,Sales value growth,Year-on-year
2003-11-01,2003,11,November,2003Q4,2003-11,Pre-pandemic (1997–2019),1,Moderate growth (below 3%),value_yoy_pct,2.5,Sales value growth,Year-on-year
2003-12-01,2003,12,December,2003Q4,2003-12,Pre-pandemic (1997–2019),1,Strong growth (3% or more),value_yoy_pct,4.4,Sales value growth,Year-on-year
2004-01-01,2004,1,January,2004Q1,2004-01,Pre-pandemic (1997–2019),1,Strong growth (3% or more),value_yoy_pct,5.4,Sales value growth,Year-on-year
2004-02-01,2004,2,February,2004Q1,2004-02,Pre-pandemic (1997–2019),1,Strong growth (3% or more),value_yoy_pct,3.8,Sales value growth,Year-on-year
2004-03-01,2004,3,March,2004Q1,2004-03,Pre-pandemic (1997–2019),1,Strong growth (3% or more),value_yoy_pct,3.2,Sales value growth,Year-on-year
2004-04-01,2004,4,April,2004Q2,2004-04,Pre-pandemic (1997–2019),1,Strong growth (3% or more),value_yoy_pct,5.0,Sales value growth,Year-on-year
2004-05-01,2004,5,May,2004Q2,2004-05,Pre-pandemic (1997–2019),1,Strong growth (3% or more),value_yoy_pct,6.2,Sales value growth,Year-on-year
2004-06-01,2004,6,June,2004Q2,2004-06,Pre-pandemic (1997–2019),1,Strong growth (3% or more),value_yoy_pct,6.0,Sales value growth,Year-on-year
2004-07-01,2004,7,July,2004Q3,2004-07,Pre-pandemic (1997–2019),1,Strong growth (3% or more),value_yoy_pct,4.6,Sales value growth,Year-on-year
2004-08-01,2004,8,August,2004Q3,2004-08,Pre-pandemic (1997–2019),1,Strong growth (3% or more),value_yoy_pct,5.0,Sales value growth,Year-on-year
2004-09-01,2004,9,September,2004Q3,2004-09,Pre-pandemic (1997–2019),1,Strong growth (3% or more),value_yoy_pct,4.5,Sales value growth,Year-on-year
2004-10-01,2004,10,October,2004Q4,2004-10,Pre-pandemic (1997–2019),1,Strong growth (3% or more),value_yoy_pct,5.0,Sales value growth,Year-on-year
2004-11-01,2004,11,November,2004Q4,2004-11,Pre-pandemic (1997–2019),1,Strong growth (3% or more),value_yoy_pct,4.5,Sales value growth,Year-on-year
2004-12-01,2004,12,December,2004Q4,2004-12,Pre-pandemic (1997–2019),1,Strong growth (3% or more),value_yoy_pct,3.8,Sales value growth,Year-on-year
2005-01-01,2005,1,January,2005Q1,2005-01,Pre-pandemic (1997–2019),1,Moderate growth (below 3%),value_yoy_pct,1.9,Sales value growth,Year-on-year
2005-02-01,2005,2,February,2005Q1,2005-02,Pre-pandemic (1997–2019),1,Moderate growth (below 3%),value_yoy_pct,2.4,Sales value growth,Year-on-year
2005-03-01,2005,3,March,2005Q1,2005-03,Pre-pandemic (1997–2019),1,Moderate growth (below 3%),value_yoy_pct,2.2,Sales value growth,Year-on-year
2005-04-01,2005,4,April,2005Q2,2005-04,Pre-pandemic (1997–2019),1,Moderate growth (below 3%),value_yoy_pct,1.6,Sales value growth,Year-on-year
2005-05-01,2005,5,May,2005Q2,2005-05,Pre-pandemic (1997–2019),1,Moderate growth (below 3%),value_yoy_pct,0.6,Sales value growth,Year-on-year
2005-06-01,2005,6,June,2005Q2,2005-06,Pre-pandemic (1997–2019),1,Moderate growth (below 3%),value_yoy_pct,1.1,Sales value growth,Year-on-year
2005-07-01,2005,7,July,2005Q3,2005-07,Pre-pandemic (1997–2019),1,Contraction,value_yoy_pct,1.6,Sales value growth,Year-on-year
2005-08-01,2005,8,August,2005Q3,2005-08,Pre-pandemic (1997–2019),1,Contraction,value_yoy_pct,0.4,Sales value growth,Year-on-year
2005-09-01,2005,9,September,2005Q3,2005-09,Pre-pandemic (1997–2019),1,Contraction,value_yoy_pct,0.5,Sales value growth,Year-on-year
2005-10-01,2005,10,October,2005Q4,2005-10,Pre-pandemic (1997–2019),1,Contraction,value_yoy_pct,-0.1,Sales value growth,Year-on-year
2005-11-01,2005,11,November,2005Q4,2005-11,Pre-pandemic (1997–2019),1,Moderate growth (below 3%),value_yoy_pct,1.1,Sales value growth,Year-on-year
2005-12-01,2005,12,December,2005Q4,2005-12,Pre-pandemic (1997–2019),1,Moderate growth (below 3%),value_yoy_pct,1.6,Sales value growth,Year-on-year
2006-01-01,2006,1,January,2006Q1,2006-01,Pre-pandemic (1997–2019),1,Moderate growth (below 3%),value_yoy_pct,2.5,Sales value growth,Year-on-year
2006-02-01,2006,2,February,2006Q1,2006-02,Pre-pandemic (1997–2019),1,Moderate growth (below 3%),value_yoy_pct,2.5,Sales value growth,Year-on-year
2006-03-01,2006,3,March,2006Q1,2006-03,Pre-pandemic (1997–2019),1,Moderate growth (below 3%),value_yoy_pct,3.3,Sales value growth,Year-on-year
2006-04-01,2006,4,April,2006Q2,2006-04,Pre-pandemic (1997–2019),1,Moderate growth (below 3%),value_yoy_pct,2.9,Sales value growth,Year-on-year
2006-05-01,2006,5,May,2006Q2,2006-05,Pre-pandemic (1997–2019),1,Moderate growth (below 3%),value_yoy_pct,4.5,Sales value growth,Year-on-year
2006-06-01,2006,6,June,2006Q2,2006-06,Pre-pandemic (1997–2019),1,Moderate growth (below 3%),value_yoy_pct,4.1,Sales value growth,Year-on-year
2006-07-01,2006,7,July,2006Q3,2006-07,Pre-pandemic (1997–2019),1,Moderate growth (below 3%),value_yoy_pct,4.0,Sales value growth,Year-on-year
2006-08-01,2006,8,August,2006Q3,2006-08,Pre-pandemic (1997–2019),1,Strong growth (3% or more),value_yoy_pct,5.0,Sales value growth,Year-on-year
2006-09-01,2006,9,September,2006Q3,2006-09,Pre-pandemic (1997–2019),1,Moderate growth (below 3%),value_yoy_pct,3.9,Sales value growth,Year-on-year
2006-10-01,2006,10,October,2006Q4,2006-10,Pre-pandemic (1997–2019),1,Strong growth (3% or more),value_yoy_pct,3.9,Sales value growth,Year-on-year
2006-11-01,2006,11,November,2006Q4,2006-11,Pre-pandemic (1997–2019),1,Moderate growth (below 3%),value_yoy_pct,3.5,Sales value growth,Year-on-year
2006-12-01,2006,12,December,2006Q4,2006-12,Pre-pandemic (1997–2019),1,Strong growth (3% or more),value_yoy_pct,4.9,Sales value growth,Year-on-year
2007-01-01,2007,1,January,2007Q1,2007-01,Pre-pandemic (1997–2019),1,Moderate growth (below 3%),value_yoy_pct,2.4,Sales value growth,Year-on-year
2007-02-01,2007,2,February,2007Q1,2007-02,Pre-pandemic (1997–2019),1,Strong growth (3% or more),value_yoy_pct,3.9,Sales value growth,Year-on-year
2007-03-01,2007,3,March,2007Q1,2007-03,Pre-pandemic (1997–2019),1,Moderate growth (below 3%),value_yoy_pct,4.7,Sales value growth,Year-on-year
2007-04-01,2007,4,April,2007Q2,2007-04,Pre-pandemic (1997–2019),1,Strong growth (3% or more),value_yoy_pct,5.7,Sales value growth,Year-on-year
2007-05-01,2007,5,May,2007Q2,2007-05,Pre-pandemic (1997–2019),1,Moderate growth (below 3%),value_yoy_pct,3.6,Sales value growth,Year-on-year
2007-06-01,2007,6,June,2007Q2,2007-06,Pre-pandemic (1997–2019),1,Moderate growth (below 3%),value_yoy_pct,3.6,Sales value growth,Year-on-year
2007-07-01,2007,7,July,2007Q3,2007-07,Pre-pandemic (1997–2019),1,Moderate growth (below 3%),value_yoy_pct,2.9,Sales value growth,Year-on-year
2007-08-01,2007,8,August,2007Q3,2007-08,Pre-pandemic (1997–2019),1,Moderate growth (below 3%),value_yoy_pct,3.1,Sales value growth,Year-on-year
2007-09-01,2007,9,September,2007Q3,2007-09,Pre-pandemic (1997–2019),1,Strong growth (3% or more),value_yoy_pct,4.5,Sales value growth,Year-on-year
2007-10-01,2007,10,October,2007Q4,2007-10,Pre-pandemic (1997–2019),1,Moderate growth (below 3%),value_yoy_pct,4.0,Sales value growth,Year-on-year
2007-11-01,2007,11,November,2007Q4,2007-11,Pre-pandemic (1997–2019),1,Moderate growth (below 3%),value_yoy_pct,4.9,Sales value growth,Year-on-year
2007-12-01,2007,12,December,2007Q4,2007-12,Pre-pandemic (1997–2019),1,Moderate growth (below 3%),value_yoy_pct,3.7,Sales value growth,Year-on-year
2008-01-01,2008,1,January,2008Q1,2008-01,Pre-pandemic (1997–2019),1,Moderate growth (below 3%),value_yoy_pct,6.0,Sales value growth,Year-on-year
2008-02-01,2008,2,February,2008Q1,2008-02,Pre-pandemic (1997–2019),1,Moderate growth (below 3%),value_yoy_pct,6.8,Sales value growth,Year-on-year
2008-03-01,2008,3,March,2008Q1,2008-03,Pre-pandemic (1997–2019),1,Contraction,value_yoy_pct,3.4,Sales value growth,Year-on-year
2008-04-01,2008,4,April,2008Q2,2008-04,Pre-pandemic (1997–2019),1,Contraction,value_yoy_pct,2.3,Sales value growth,Year-on-year
2008-05-01,2008,5,May,2008Q2,2008-05,Pre-pandemic (1997–2019),1,Moderate growth (below 3%),value_yoy_pct,7.2,Sales value growth,Year-on-year
2008-06-01,2008,6,June,2008Q2,2008-06,Pre-pandemic (1997–2019),1,Contraction,value_yoy_pct,4.0,Sales value growth,Year-on-year
2008-07-01,2008,7,July,2008Q3,2008-07,Pre-pandemic (1997–2019),1,Contraction,value_yoy_pct,5.6,Sales value growth,Year-on-year
2008-08-01,2008,8,August,2008Q3,2008-08,Pre-pandemic (1997–2019),1,Contraction,value_yoy_pct,4.9,Sales value growth,Year-on-year
2008-09-01,2008,9,September,2008Q3,2008-09,Pre-pandemic (1997–2019),1,Contraction,value_yoy_pct,4.2,Sales value growth,Year-on-year
2008-10-01,2008,10,October,2008Q4,2008-10,Pre-pandemic (1997–2019),1,Contraction,value_yoy_pct,3.0,Sales value growth,Year-on-year
2008-11-01,2008,11,November,2008Q4,2008-11,Pre-pandemic (1997–2019),1,Contraction,value_yoy_pct,1.4,Sales value growth,Year-on-year
2008-12-01,2008,12,December,2008Q4,2008-12,Pre-pandemic (1997–2019),1,Contraction,value_yoy_pct,0.6,Sales value growth,Year-on-year
2009-01-01,2009,1,January,2009Q1,2009-01,Pre-pandemic (1997–2019),1,Contraction,value_yoy_pct,0.5,Sales value growth,Year-on-year
2009-02-01,2009,2,February,2009Q1,2009-02,Pre-pandemic (1997–2019),1,Contraction,value_yoy_pct,-2.5,Sales value growth,Year-on-year
2009-03-01,2009,3,March,2009Q1,2009-03,Pre-pandemic (1997–2019),1,Contraction,value_yoy_pct,-0.1,Sales value growth,Year-on-year
2009-04-01,2009,4,April,2009Q2,2009-04,Pre-pandemic (1997–2019),1,Contraction,value_yoy_pct,0.4,Sales value growth,Year-on-year
2009-05-01,2009,5,May,2009Q2,2009-05,Pre-pandemic (1997–2019),1,Contraction,value_yoy_pct,-2.8,Sales value growth,Year-on-year
2009-06-01,2009,6,June,2009Q2,2009-06,Pre-pandemic (1997–2019),1,Moderate growth (below 3%),value_yoy_pct,0.8,Sales value growth,Year-on-year
2009-07-01,2009,7,July,2009Q3,2009-07,Pre-pandemic (1997–2019),1,Moderate growth (below 3%),value_yoy_pct,0.0,Sales value growth,Year-on-year
2009-08-01,2009,8,August,2009Q3,2009-08,Pre-pandemic (1997–2019),1,Moderate growth (below 3%),value_yoy_pct,0.9,Sales value growth,Year-on-year
2009-09-01,2009,9,September,2009Q3,2009-09,Pre-pandemic (1997–2019),1,Moderate growth (below 3%),value_yoy_pct,0.8,Sales value growth,Year-on-year
2009-10-01,2009,10,October,2009Q4,2009-10,Pre-pandemic (1997–2019),1,Moderate growth (below 3%),value_yoy_pct,2.8,Sales value growth,Year-on-year
2009-11-01,2009,11,November,2009Q4,2009-11,Pre-pandemic (1997–2019),1,Moderate growth (below 3%),value_yoy_pct,2.8,Sales value growth,Year-on-year
2009-12-01,2009,12,December,2009Q4,2009-12,Pre-pandemic (1997–2019),1,Contraction,value_yoy_pct,3.4,Sales value growth,Year-on-year
2010-01-01,2010,1,January,2010Q1,2010-01,Pre-pandemic (1997–2019),1,Contraction,value_yoy_pct,0.2,Sales value growth,Year-on-year
2010-02-01,2010,2,February,2010Q1,2010-02,Pre-pandemic (1997–2019),1,Moderate growth (below 3%),value_yoy_pct,3.9,Sales value growth,Year-on-year
2010-03-01,2010,3,March,2010Q1,2010-03,Pre-pandemic (1997–2019),1,Contraction,value_yoy_pct,3.4,Sales value growth,Year-on-year
2010-04-01,2010,4,April,2010Q2,2010-04,Pre-pandemic (1997–2019),1,Contraction,value_yoy_pct,4.5,Sales value growth,Year-on-year
2010-05-01,2010,5,May,2010Q2,2010-05,Pre-pandemic (1997–2019),1,Contraction,value_yoy_pct,3.9,Sales value growth,Year-on-year
2010-06-01,2010,6,June,2010Q2,2010-06,Pre-pandemic (1997–2019),1,Contraction,value_yoy_pct,2.7,Sales value growth,Year-on-year
2010-07-01,2010,7,July,2010Q3,2010-07,Pre-pandemic (1997–2019),1,Contraction,value_yoy_pct,2.7,Sales value growth,Year-on-year
2010-08-01,2010,8,August,2010Q3,2010-08,Pre-pandemic (1997–2019),1,Contraction,value_yoy_pct,2.4,Sales value growth,Year-on-year
2010-09-01,2010,9,September,2010Q3,2010-09,Pre-pandemic (1997–2019),1,Contraction,value_yoy_pct,1.8,Sales value growth,Year-on-year
2010-10-01,2010,10,October,2010Q4,2010-10,Pre-pandemic (1997–2019),1,Contraction,value_yoy_pct,1.9,Sales value growth,Year-on-year
2010-11-01,2010,11,November,2010Q4,2010-11,Pre-pandemic (1997–2019),1,Contraction,value_yoy_pct,3.0,Sales value growth,Year-on-year
2010-12-01,2010,12,December,2010Q4,2010-12,Pre-pandemic (1997–2019),1,Contraction,value_yoy_pct,2.3,Sales value growth,Year-on-year
2011-01-01,2011,1,January,2011Q1,2011-01,Pre-pandemic (1997–2019),1,Moderate growth (below 3%),value_yoy_pct,7.7,Sales value growth,Year-on-year
2011-02-01,2011,2,February,2011Q1,2011-02,Pre-pandemic (1997–2019),1,Contraction,value_yoy_pct,4.7,Sales value growth,Year-on-year
2011-03-01,2011,3,March,2011Q1,2011-03,Pre-pandemic (1997–2019),1,Contraction,value_yoy_pct,4.9,Sales value growth,Year-on-year
2011-04-01,2011,4,April,2011Q2,2011-04,Pre-pandemic (1997–2019),1,Moderate growth (below 3%),value_yoy_pct,5.9,Sales value growth,Year-on-year
2011-05-01,2011,5,May,2011Q2,2011-05,Pre-pandemic (1997–2019),1,Contraction,value_yoy_pct,4.0,Sales value growth,Year-on-year
2011-06-01,2011,6,June,2011Q2,2011-06,Pre-pandemic (1997–2019),1,Contraction,value_yoy_pct,4.1,Sales value growth,Year-on-year
2011-07-01,2011,7,July,2011Q3,2011-07,Pre-pandemic (1997–2019),1,Contraction,value_yoy_pct,4.6,Sales value growth,Year-on-year
2011-08-01,2011,8,August,2011Q3,2011-08,Pre-pandemic (1997–2019),1,Contraction,value_yoy_pct,4.3,Sales value growth,Year-on-year
2011-09-01,2011,9,September,2011Q3,2011-09,Pre-pandemic (1997–2019),1,Contraction,value_yoy_pct,5.5,Sales value growth,Year-on-year
2011-10-01,2011,10,October,2011Q4,2011-10,Pre-pandemic (1997–2019),1,Contraction,value_yoy_pct,5.6,Sales value growth,Year-on-year
2011-11-01,2011,11,November,2011Q4,2011-11,Pre-pandemic (1997–2019),1,Contraction,value_yoy_pct,4.5,Sales value growth,Year-on-year
2011-12-01,2011,12,December,2011Q4,2011-12,Pre-pandemic (1997–2019),1,Moderate growth (below 3%),value_yoy_pct,6.4,Sales value growth,Year-on-year
2012-01-01,2012,1,January,2012Q1,2012-01,Pre-pandemic (1997–2019),1,Contraction,value_yoy_pct,3.2,Sales value growth,Year-on-year
2012-02-01,2012,2,February,2012Q1,2012-02,Pre-pandemic (1997–2019),1,Contraction,value_yoy_pct,3.0,Sales value growth,Year-on-year
2012-03-01,2012,3,March,2012Q1,2012-03,Pre-pandemic (1997–2019),1,Moderate growth (below 3%),value_yoy_pct,5.5,Sales value growth,Year-on-year
2012-04-01,2012,4,April,2012Q2,2012-04,Pre-pandemic (1997–2019),1,Contraction,value_yoy_pct,0.6,Sales value growth,Year-on-year
2012-05-01,2012,5,May,2012Q2,2012-05,Pre-pandemic (1997–2019),1,Moderate growth (below 3%),value_yoy_pct,2.9,Sales value growth,Year-on-year
2012-06-01,2012,6,June,2012Q2,2012-06,Pre-pandemic (1997–2019),1,Moderate growth (below 3%),value_yoy_pct,2.3,Sales value growth,Year-on-year
2012-07-01,2012,7,July,2012Q3,2012-07,Pre-pandemic (1997–2019),1,Moderate growth (below 3%),value_yoy_pct,1.8,Sales value growth,Year-on-year
2012-08-01,2012,8,August,2012Q3,2012-08,Pre-pandemic (1997–2019),1,Moderate growth (below 3%),value_yoy_pct,2.3,Sales value growth,Year-on-year
2012-09-01,2012,9,September,2012Q3,2012-09,Pre-pandemic (1997–2019),1,Moderate growth (below 3%),value_yoy_pct,2.8,Sales value growth,Year-on-year
2012-10-01,2012,10,October,2012Q4,2012-10,Pre-pandemic (1997–2019),1,Contraction,value_yoy_pct,1.2,Sales value growth,Year-on-year
2012-11-01,2012,11,November,2012Q4,2012-11,Pre-pandemic (1997–2019),1,Contraction,value_yoy_pct,0.9,Sales value growth,Year-on-year
2012-12-01,2012,12,December,2012Q4,2012-12,Pre-pandemic (1997–2019),1,Contraction,value_yoy_pct,0.5,Sales value growth,Year-on-year
2013-01-01,2013,1,January,2013Q1,2013-01,Pre-pandemic (1997–2019),1,Contraction,value_yoy_pct,0.7,Sales value growth,Year-on-year
2013-02-01,2013,2,February,2013Q1,2013-02,Pre-pandemic (1997–2019),1,Moderate growth (below 3%),value_yoy_pct,3.0,Sales value growth,Year-on-year
2013-03-01,2013,3,March,2013Q1,2013-03,Pre-pandemic (1997–2019),1,Contraction,value_yoy_pct,-0.6,Sales value growth,Year-on-year
2013-04-01,2013,4,April,2013Q2,2013-04,Pre-pandemic (1997–2019),1,Moderate growth (below 3%),value_yoy_pct,1.7,Sales value growth,Year-on-year
2013-05-01,2013,5,May,2013Q2,2013-05,Pre-pandemic (1997–2019),1,Moderate growth (below 3%),value_yoy_pct,2.3,Sales value growth,Year-on-year
2013-06-01,2013,6,June,2013Q2,2013-06,Pre-pandemic (1997–2019),1,Moderate growth (below 3%),value_yoy_pct,3.5,Sales value growth,Year-on-year
2013-07-01,2013,7,July,2013Q3,2013-07,Pre-pandemic (1997–2019),1,Moderate growth (below 3%),value_yoy_pct,4.0,Sales value growth,Year-on-year
2013-08-01,2013,8,August,2013Q3,2013-08,Pre-pandemic (1997–2019),1,Moderate growth (below 3%),value_yoy_pct,2.9,Sales value growth,Year-on-year
2013-09-01,2013,9,September,2013Q3,2013-09,Pre-pandemic (1997–2019),1,Moderate growth (below 3%),value_yoy_pct,3.0,Sales value growth,Year-on-year
2013-10-01,2013,10,October,2013Q4,2013-10,Pre-pandemic (1997–2019),1,Moderate growth (below 3%),value_yoy_pct,2.5,Sales value growth,Year-on-year
2013-11-01,2013,11,November,2013Q4,2013-11,Pre-pandemic (1997–2019),1,Moderate growth (below 3%),value_yoy_pct,3.5,Sales value growth,Year-on-year
2013-12-01,2013,12,December,2013Q4,2013-12,Pre-pandemic (1997–2019),1,Moderate growth (below 3%),value_yoy_pct,4.0,Sales value growth,Year-on-year
2014-01-01,2014,1,January,2014Q1,2014-01,Pre-pandemic (1997–2019),1,Strong growth (3% or more),value_yoy_pct,3.9,Sales value growth,Year-on-year
2014-02-01,2014,2,February,2014Q1,2014-02,Pre-pandemic (1997–2019),1,Moderate growth (below 3%),value_yoy_pct,2.7,Sales value growth,Year-on-year
2014-03-01,2014,3,March,2014Q1,2014-03,Pre-pandemic (1997–2019),1,Strong growth (3% or more),value_yoy_pct,4.7,Sales value growth,Year-on-year
2014-04-01,2014,4,April,2014Q2,2014-04,Pre-pandemic (1997–2019),1,Strong growth (3% or more),value_yoy_pct,4.4,Sales value growth,Year-on-year
2014-05-01,2014,5,May,2014Q2,2014-05,Pre-pandemic (1997–2019),1,Strong growth (3% or more),value_yoy_pct,3.6,Sales value growth,Year-on-year
2014-06-01,2014,6,June,2014Q2,2014-06,Pre-pandemic (1997–2019),1,Strong growth (3% or more),value_yoy_pct,3.4,Sales value growth,Year-on-year
2014-07-01,2014,7,July,2014Q3,2014-07,Pre-pandemic (1997–2019),1,Strong growth (3% or more),value_yoy_pct,2.5,Sales value growth,Year-on-year
2014-08-01,2014,8,August,2014Q3,2014-08,Pre-pandemic (1997–2019),1,Strong growth (3% or more),value_yoy_pct,3.3,Sales value growth,Year-on-year
2014-09-01,2014,9,September,2014Q3,2014-09,Pre-pandemic (1997–2019),1,Moderate growth (below 3%),value_yoy_pct,1.2,Sales value growth,Year-on-year
2014-10-01,2014,10,October,2014Q4,2014-10,Pre-pandemic (1997–2019),1,Strong growth (3% or more),value_yoy_pct,3.2,Sales value growth,Year-on-year
2014-11-01,2014,11,November,2014Q4,2014-11,Pre-pandemic (1997–2019),1,Strong growth (3% or more),value_yoy_pct,2.9,Sales value growth,Year-on-year
2014-12-01,2014,12,December,2014Q4,2014-12,Pre-pandemic (1997–2019),1,Strong growth (3% or more),value_yoy_pct,4.1,Sales value growth,Year-on-year
2015-01-01,2015,1,January,2015Q1,2015-01,Pre-pandemic (1997–2019),1,Strong growth (3% or more),value_yoy_pct,2.3,Sales value growth,Year-on-year
2015-02-01,2015,2,February,2015Q1,2015-02,Pre-pandemic (1997–2019),1,Strong growth (3% or more),value_yoy_pct,1.3,Sales value growth,Year-on-year
2015-03-01,2015,3,March,2015Q1,2015-03,Pre-pandemic (1997–2019),1,Strong growth (3% or more),value_yoy_pct,0.5,Sales value growth,Year-on-year
2015-04-01,2015,4,April,2015Q2,2015-04,Pre-pandemic (1997–2019),1,Strong growth (3% or more),value_yoy_pct,1.5,Sales value growth,Year-on-year
2015-05-01,2015,5,May,2015Q2,2015-05,Pre-pandemic (1997–2019),1,Strong growth (3% or more),value_yoy_pct,1.2,Sales value growth,Year-on-year
2015-06-01,2015,6,June,2015Q2,2015-06,Pre-pandemic (1997–2019),1,Strong growth (3% or more),value_yoy_pct,0.9,Sales value growth,Year-on-year
2015-07-01,2015,7,July,2015Q3,2015-07,Pre-pandemic (1997–2019),1,Strong growth (3% or more),value_yoy_pct,0.9,Sales value growth,Year-on-year
2015-08-01,2015,8,August,2015Q3,2015-08,Pre-pandemic (1997–2019),1,Moderate growth (below 3%),value_yoy_pct,-0.3,Sales value growth,Year-on-year
2015-09-01,2015,9,September,2015Q3,2015-09,Pre-pandemic (1997–2019),1,Strong growth (3% or more),value_yoy_pct,2.4,Sales value growth,Year-on-year
2015-10-01,2015,10,October,2015Q4,2015-10,Pre-pandemic (1997–2019),1,Strong growth (3% or more),value_yoy_pct,0.4,Sales value growth,Year-on-year
2015-11-01,2015,11,November,2015Q4,2015-11,Pre-pandemic (1997–2019),1,Strong growth (3% or more),value_yoy_pct,0.5,Sales value growth,Year-on-year
2015-12-01,2015,12,December,2015Q4,2015-12,Pre-pandemic (1997–2019),1,Moderate growth (below 3%),value_yoy_pct,-1.6,Sales value growth,Year-on-year
2016-01-01,2016,1,January,2016Q1,2016-01,Pre-pandemic (1997–2019),1,Strong growth (3% or more),value_yoy_pct,2.8,Sales value growth,Year-on-year
2016-02-01,2016,2,February,2016Q1,2016-02,Pre-pandemic (1997–2019),1,Strong growth (3% or more),value_yoy_pct,1.5,Sales value growth,Year-on-year
2016-03-01,2016,3,March,2016Q1,2016-03,Pre-pandemic (1997–2019),1,Strong growth (3% or more),value_yoy_pct,1.2,Sales value growth,Year-on-year
2016-04-01,2016,4,April,2016Q2,2016-04,Pre-pandemic (1997–2019),1,Strong growth (3% or more),value_yoy_pct,1.3,Sales value growth,Year-on-year
2016-05-01,2016,5,May,2016Q2,2016-05,Pre-pandemic (1997–2019),1,Strong growth (3% or more),value_yoy_pct,2.6,Sales value growth,Year-on-year
2016-06-01,2016,6,June,2016Q2,2016-06,Pre-pandemic (1997–2019),1,Strong growth (3% or more),value_yoy_pct,1.5,Sales value growth,Year-on-year
2016-07-01,2016,7,July,2016Q3,2016-07,Pre-pandemic (1997–2019),1,Strong growth (3% or more),value_yoy_pct,3.8,Sales value growth,Year-on-year
2016-08-01,2016,8,August,2016Q3,2016-08,Pre-pandemic (1997–2019),1,Strong growth (3% or more),value_yoy_pct,4.4,Sales value growth,Year-on-year
2016-09-01,2016,9,September,2016Q3,2016-09,Pre-pandemic (1997–2019),1,Strong growth (3% or more),value_yoy_pct,3.4,Sales value growth,Year-on-year
2016-10-01,2016,10,October,2016Q4,2016-10,Pre-pandemic (1997–2019),1,Strong growth (3% or more),value_yoy_pct,6.8,Sales value growth,Year-on-year
2016-11-01,2016,11,November,2016Q4,2016-11,Pre-pandemic (1997–2019),1,Strong growth (3% or more),value_yoy_pct,6.0,Sales value growth,Year-on-year
2016-12-01,2016,12,December,2016Q4,2016-12,Pre-pandemic (1997–2019),1,Strong growth (3% or more),value_yoy_pct,6.4,Sales value growth,Year-on-year
2017-01-01,2017,1,January,2017Q1,2017-01,Pre-pandemic (1997–2019),1,Moderate growth (below 3%),value_yoy_pct,3.2,Sales value growth,Year-on-year
2017-02-01,2017,2,February,2017Q1,2017-02,Pre-pandemic (1997–2019),1,Moderate growth (below 3%),value_yoy_pct,5.8,Sales value growth,Year-on-year
2017-03-01,2017,3,March,2017Q1,2017-03,Pre-pandemic (1997–2019),1,Moderate growth (below 3%),value_yoy_pct,5.6,Sales value growth,Year-on-year
2017-04-01,2017,4,April,2017Q2,2017-04,Pre-pandemic (1997–2019),1,Strong growth (3% or more),value_yoy_pct,6.8,Sales value growth,Year-on-year
2017-05-01,2017,5,May,2017Q2,2017-05,Pre-pandemic (1997–2019),1,Moderate growth (below 3%),value_yoy_pct,4.0,Sales value growth,Year-on-year
2017-06-01,2017,6,June,2017Q2,2017-06,Pre-pandemic (1997–2019),1,Moderate growth (below 3%),value_yoy_pct,5.5,Sales value growth,Year-on-year
2017-07-01,2017,7,July,2017Q3,2017-07,Pre-pandemic (1997–2019),1,Moderate growth (below 3%),value_yoy_pct,3.5,Sales value growth,Year-on-year
2017-08-01,2017,8,August,2017Q3,2017-08,Pre-pandemic (1997–2019),1,Moderate growth (below 3%),value_yoy_pct,5.3,Sales value growth,Year-on-year
2017-09-01,2017,9,September,2017Q3,2017-09,Pre-pandemic (1997–2019),1,Moderate growth (below 3%),value_yoy_pct,4.8,Sales value growth,Year-on-year
2017-10-01,2017,10,October,2017Q4,2017-10,Pre-pandemic (1997–2019),1,Contraction,value_yoy_pct,3.1,Sales value growth,Year-on-year
2017-11-01,2017,11,November,2017Q4,2017-11,Pre-pandemic (1997–2019),1,Moderate growth (below 3%),value_yoy_pct,4.0,Sales value growth,Year-on-year
2017-12-01,2017,12,December,2017Q4,2017-12,Pre-pandemic (1997–2019),1,Moderate growth (below 3%),value_yoy_pct,4.5,Sales value growth,Year-on-year
2018-01-01,2018,1,January,2018Q1,2018-01,Pre-pandemic (1997–2019),1,Moderate growth (below 3%),value_yoy_pct,4.6,Sales value growth,Year-on-year
2018-02-01,2018,2,February,2018Q1,2018-02,Pre-pandemic (1997–2019),1,Moderate growth (below 3%),value_yoy_pct,4.2,Sales value growth,Year-on-year
2018-03-01,2018,3,March,2018Q1,2018-03,Pre-pandemic (1997–2019),1,Moderate growth (below 3%),value_yoy_pct,2.6,Sales value growth,Year-on-year
2018-04-01,2018,4,April,2018Q2,2018-04,Pre-pandemic (1997–2019),1,Moderate growth (below 3%),value_yoy_pct,2.7,Sales value growth,Year-on-year
2018-05-01,2018,5,May,2018Q2,2018-05,Pre-pandemic (1997–2019),1,Strong growth (3% or more),value_yoy_pct,6.4,Sales value growth,Year-on-year
2018-06-01,2018,6,June,2018Q2,2018-06,Pre-pandemic (1997–2019),1,Moderate growth (below 3%),value_yoy_pct,5.1,Sales value growth,Year-on-year
2018-07-01,2018,7,July,2018Q3,2018-07,Pre-pandemic (1997–2019),1,Strong growth (3% or more),value_yoy_pct,5.9,Sales value growth,Year-on-year
2018-08-01,2018,8,August,2018Q3,2018-08,Pre-pandemic (1997–2019),1,Moderate growth (below 3%),value_yoy_pct,5.3,Sales value growth,Year-on-year
2018-09-01,2018,9,September,2018Q3,2018-09,Pre-pandemic (1997–2019),1,Moderate growth (below 3%),value_yoy_pct,4.7,Sales value growth,Year-on-year
2018-10-01,2018,10,October,2018Q4,2018-10,Pre-pandemic (1997–2019),1,Moderate growth (below 3%),value_yoy_pct,3.7,Sales value growth,Year-on-year
2018-11-01,2018,11,November,2018Q4,2018-11,Pre-pandemic (1997–2019),1,Moderate growth (below 3%),value_yoy_pct,4.4,Sales value growth,Year-on-year
2018-12-01,2018,12,December,2018Q4,2018-12,Pre-pandemic (1997–2019),1,Moderate growth (below 3%),value_yoy_pct,3.6,Sales value growth,Year-on-year
2019-01-01,2019,1,January,2019Q1,2019-01,Pre-pandemic (1997–2019),1,Strong growth (3% or more),value_yoy_pct,4.3,Sales value growth,Year-on-year
2019-02-01,2019,2,February,2019Q1,2019-02,Pre-pandemic (1997–2019),1,Strong growth (3% or more),value_yoy_pct,4.4,Sales value growth,Year-on-year
2019-03-01,2019,3,March,2019Q1,2019-03,Pre-pandemic (1997–2019),1,Strong growth (3% or more),value_yoy_pct,7.1,Sales value growth,Year-on-year
2019-04-01,2019,4,April,2019Q2,2019-04,Pre-pandemic (1997–2019),1,Strong growth (3% or more),value_yoy_pct,4.8,Sales value growth,Year-on-year
2019-05-01,2019,5,May,2019Q2,2019-05,Pre-pandemic (1997–2019),1,Moderate growth (below 3%),value_yoy_pct,2.3,Sales value growth,Year-on-year
2019-06-01,2019,6,June,2019Q2,2019-06,Pre-pandemic (1997–2019),1,Strong growth (3% or more),value_yoy_pct,4.1,Sales value growth,Year-on-year
2019-07-01,2019,7,July,2019Q3,2019-07,Pre-pandemic (1997–2019),1,Strong growth (3% or more),value_yoy_pct,4.4,Sales value growth,Year-on-year
2019-08-01,2019,8,August,2019Q3,2019-08,Pre-pandemic (1997–2019),1,Moderate growth (below 3%),value_yoy_pct,3.1,Sales value growth,Year-on-year
2019-09-01,2019,9,September,2019Q3,2019-09,Pre-pandemic (1997–2019),1,Moderate growth (below 3%),value_yoy_pct,3.2,Sales value growth,Year-on-year
2019-10-01,2019,10,October,2019Q4,2019-10,Pre-pandemic (1997–2019),1,Moderate growth (below 3%),value_yoy_pct,3.1,Sales value growth,Year-on-year
2019-11-01,2019,11,November,2019Q4,2019-11,Pre-pandemic (1997–2019),1,Moderate growth (below 3%),value_yoy_pct,1.4,Sales value growth,Year-on-year
2019-12-01,2019,12,December,2019Q4,2019-12,Pre-pandemic (1997–2019),1,Moderate growth (below 3%),value_yoy_pct,2.8,Sales value growth,Year-on-year
2020-01-01,2020,1,January,2020Q1,2020-01,COVID-19 disruption (2020–2021),2,Moderate growth (below 3%),value_yoy_pct,3.1,Sales value growth,Year-on-year
2020-02-01,2020,2,February,2020Q1,2020-02,COVID-19 disruption (2020–2021),2,Moderate growth (below 3%),value_yoy_pct,1.4,Sales value growth,Year-on-year
2020-03-01,2020,3,March,2020Q1,2020-03,COVID-19 disruption (2020–2021),2,Contraction,value_yoy_pct,-6.5,Sales value growth,Year-on-year
2020-04-01,2020,4,April,2020Q2,2020-04,COVID-19 disruption (2020–2021),2,Contraction,value_yoy_pct,-24.0,Sales value growth,Year-on-year
2020-05-01,2020,5,May,2020Q2,2020-05,COVID-19 disruption (2020–2021),2,Contraction,value_yoy_pct,-13.5,Sales value growth,Year-on-year
2020-06-01,2020,6,June,2020Q2,2020-06,COVID-19 disruption (2020–2021),2,Contraction,value_yoy_pct,-3.8,Sales value growth,Year-on-year
2020-07-01,2020,7,July,2020Q3,2020-07,COVID-19 disruption (2020–2021),2,Moderate growth (below 3%),value_yoy_pct,0.4,Sales value growth,Year-on-year
2020-08-01,2020,8,August,2020Q3,2020-08,COVID-19 disruption (2020–2021),2,Strong growth (3% or more),value_yoy_pct,2.2,Sales value growth,Year-on-year
2020-09-01,2020,9,September,2020Q3,2020-09,COVID-19 disruption (2020–2021),2,Strong growth (3% or more),value_yoy_pct,3.7,Sales value growth,Year-on-year
2020-10-01,2020,10,October,2020Q4,2020-10,COVID-19 disruption (2020–2021),2,Strong growth (3% or more),value_yoy_pct,5.7,Sales value growth,Year-on-year
2020-11-01,2020,11,November,2020Q4,2020-11,COVID-19 disruption (2020–2021),2,Moderate growth (below 3%),value_yoy_pct,0.6,Sales value growth,Year-on-year
2020-12-01,2020,12,December,2020Q4,2020-12,COVID-19 disruption (2020–2021),2,Moderate growth (below 3%),value_yoy_pct,1.1,Sales value growth,Year-on-year
2021-01-01,2021,1,January,2021Q1,2021-01,COVID-19 disruption (2020–2021),2,Contraction,value_yoy_pct,-6.1,Sales value growth,Year-on-year
2021-02-01,2021,2,February,2021Q1,2021-02,COVID-19 disruption (2020–2021),2,Contraction,value_yoy_pct,-4.3,Sales value growth,Year-on-year
2021-03-01,2021,3,March,2021Q1,2021-03,COVID-19 disruption (2020–2021),2,Strong growth (3% or more),value_yoy_pct,7.0,Sales value growth,Year-on-year
2021-04-01,2021,4,April,2021Q2,2021-04,COVID-19 disruption (2020–2021),2,Strong growth (3% or more),value_yoy_pct,43.5,Sales value growth,Year-on-year
2021-05-01,2021,5,May,2021Q2,2021-05,COVID-19 disruption (2020–2021),2,Strong growth (3% or more),value_yoy_pct,25.2,Sales value growth,Year-on-year
2021-06-01,2021,6,June,2021Q2,2021-06,COVID-19 disruption (2020–2021),2,Strong growth (3% or more),value_yoy_pct,12.9,Sales value growth,Year-on-year
2021-07-01,2021,7,July,2021Q3,2021-07,COVID-19 disruption (2020–2021),2,Moderate growth (below 3%),value_yoy_pct,5.0,Sales value growth,Year-on-year
2021-08-01,2021,8,August,2021Q3,2021-08,COVID-19 disruption (2020–2021),2,Moderate growth (below 3%),value_yoy_pct,4.3,Sales value growth,Year-on-year
2021-09-01,2021,9,September,2021Q3,2021-09,COVID-19 disruption (2020–2021),2,Contraction,value_yoy_pct,3.2,Sales value growth,Year-on-year
2021-10-01,2021,10,October,2021Q4,2021-10,COVID-19 disruption (2020–2021),2,Contraction,value_yoy_pct,2.6,Sales value growth,Year-on-year
2021-11-01,2021,11,November,2021Q4,2021-11,COVID-19 disruption (2020–2021),2,Moderate growth (below 3%),value_yoy_pct,9.4,Sales value growth,Year-on-year
2021-12-01,2021,12,December,2021Q4,2021-12,COVID-19 disruption (2020–2021),2,Moderate growth (below 3%),value_yoy_pct,8.4,Sales value growth,Year-on-year
2022-01-01,2022,1,January,2022Q1,2022-01,Cost-of-living crisis (2022–2023),3,Strong growth (3% or more),value_yoy_pct,16.4,Sales value growth,Year-on-year
2022-02-01,2022,2,February,2022Q1,2022-02,Cost-of-living crisis (2022–2023),3,Strong growth (3% or more),value_yoy_pct,15.1,Sales value growth,Year-on-year
2022-03-01,2022,3,March,2022Q1,2022-03,Cost-of-living crisis (2022–2023),3,Moderate growth (below 3%),value_yoy_pct,11.8,Sales value growth,Year-on-year
2022-04-01,2022,4,April,2022Q2,2022-04,Cost-of-living crisis (2022–2023),3,Contraction,value_yoy_pct,2.8,Sales value growth,Year-on-year
2022-05-01,2022,5,May,2022Q2,2022-05,Cost-of-living crisis (2022–2023),3,Contraction,value_yoy_pct,3.9,Sales value growth,Year-on-year
2022-06-01,2022,6,June,2022Q2,2022-06,Cost-of-living crisis (2022–2023),3,Contraction,value_yoy_pct,4.0,Sales value growth,Year-on-year
2022-07-01,2022,7,July,2022Q3,2022-07,Cost-of-living crisis (2022–2023),3,Contraction,value_yoy_pct,7.6,Sales value growth,Year-on-year
2022-08-01,2022,8,August,2022Q3,2022-08,Cost-of-living crisis (2022–2023),3,Contraction,value_yoy_pct,4.7,Sales value growth,Year-on-year
2022-09-01,2022,9,September,2022Q3,2022-09,Cost-of-living crisis (2022–2023),3,Contraction,value_yoy_pct,3.8,Sales value growth,Year-on-year
2022-10-01,2022,10,October,2022Q4,2022-10,Cost-of-living crisis (2022–2023),3,Contraction,value_yoy_pct,5.2,Sales value growth,Year-on-year
2022-11-01,2022,11,November,2022Q4,2022-11,Cost-of-living crisis (2022–2023),3,Contraction,value_yoy_pct,3.7,Sales value growth,Year-on-year
2022-12-01,2022,12,December,2022Q4,2022-12,Cost-of-living crisis (2022–2023),3,Contraction,value_yoy_pct,2.9,Sales value growth,Year-on-year
2023-01-01,2023,1,January,2023Q1,2023-01,Cost-of-living crisis (2022–2023),3,Contraction,value_yoy_pct,3.4,Sales value growth,Year-on-year
2023-02-01,2023,2,February,2023Q1,2023-02,Cost-of-living crisis (2022–2023),3,Contraction,value_yoy_pct,5.0,Sales value growth,Year-on-year
2023-03-01,2023,3,March,2023Q1,2023-03,Cost-of-living crisis (2022–2023),3,Contraction,value_yoy_pct,2.8,Sales value growth,Year-on-year
2023-04-01,2023,4,April,2023Q2,2023-04,Cost-of-living crisis (2022–2023),3,Contraction,value_yoy_pct,4.7,Sales value growth,Year-on-year
2023-05-01,2023,5,May,2023Q2,2023-05,Cost-of-living crisis (2022–2023),3,Contraction,value_yoy_pct,4.2,Sales value growth,Year-on-year
2023-06-01,2023,6,June,2023Q2,2023-06,Cost-of-living crisis (2022–2023),3,Contraction,value_yoy_pct,3.4,Sales value growth,Year-on-year
2023-07-01,2023,7,July,2023Q3,2023-07,Cost-of-living crisis (2022–2023),3,Contraction,value_yoy_pct,0.7,Sales value growth,Year-on-year
2023-08-01,2023,8,August,2023Q3,2023-08,Cost-of-living crisis (2022–2023),3,Contraction,value_yoy_pct,3.5,Sales value growth,Year-on-year
2023-09-01,2023,9,September,2023Q3,2023-09,Cost-of-living crisis (2022–2023),3,Contraction,value_yoy_pct,3.7,Sales value growth,Year-on-year
2023-10-01,2023,10,October,2023Q4,2023-10,Cost-of-living crisis (2022–2023),3,Contraction,value_yoy_pct,2.4,Sales value growth,Year-on-year
2023-11-01,2023,11,November,2023Q4,2023-11,Cost-of-living crisis (2022–2023),3,Moderate growth (below 3%),value_yoy_pct,3.9,Sales value growth,Year-on-year
2023-12-01,2023,12,December,2023Q4,2023-12,Cost-of-living crisis (2022–2023),3,Contraction,value_yoy_pct,-0.1,Sales value growth,Year-on-year
2024-01-01,2024,1,January,2024Q1,2024-01,Recent period (2024–2026),4,Contraction,value_yoy_pct,2.6,Sales value growth,Year-on-year
2024-02-01,2024,2,February,2024Q1,2024-02,Recent period (2024–2026),4,Contraction,value_yoy_pct,1.6,Sales value growth,Year-on-year
2024-03-01,2024,3,March,2024Q1,2024-03,Recent period (2024–2026),4,Contraction,value_yoy_pct,2.0,Sales value growth,Year-on-year
2024-04-01,2024,4,April,2024Q2,2024-04,Recent period (2024–2026),4,Contraction,value_yoy_pct,-0.9,Sales value growth,Year-on-year
2024-05-01,2024,5,May,2024Q2,2024-05,Recent period (2024–2026),4,Moderate growth (below 3%),value_yoy_pct,2.2,Sales value growth,Year-on-year
2024-06-01,2024,6,June,2024Q2,2024-06,Recent period (2024–2026),4,Contraction,value_yoy_pct,-0.3,Sales value growth,Year-on-year
2024-07-01,2024,7,July,2024Q3,2024-07,Recent period (2024–2026),4,Moderate growth (below 3%),value_yoy_pct,1.7,Sales value growth,Year-on-year
2024-08-01,2024,8,August,2024Q3,2024-08,Recent period (2024–2026),4,Moderate growth (below 3%),value_yoy_pct,1.0,Sales value growth,Year-on-year
2024-09-01,2024,9,September,2024Q3,2024-09,Recent period (2024–2026),4,Moderate growth (below 3%),value_yoy_pct,1.2,Sales value growth,Year-on-year
2024-10-01,2024,10,October,2024Q4,2024-10,Recent period (2024–2026),4,Moderate growth (below 3%),value_yoy_pct,-0.3,Sales value growth,Year-on-year
2024-11-01,2024,11,November,2024Q4,2024-11,Recent period (2024–2026),4,Contraction,value_yoy_pct,-1.1,Sales value growth,Year-on-year
2024-12-01,2024,12,December,2024Q4,2024-12,Recent period (2024–2026),4,Strong growth (3% or more),value_yoy_pct,3.6,Sales value growth,Year-on-year
2025-01-01,2025,1,January,2025Q1,2025-01,Recent period (2024–2026),4,Contraction,value_yoy_pct,-0.1,Sales value growth,Year-on-year
2025-02-01,2025,2,February,2025Q1,2025-02,Recent period (2024–2026),4,Moderate growth (below 3%),value_yoy_pct,1.8,Sales value growth,Year-on-year
2025-03-01,2025,3,March,2025Q1,2025-03,Recent period (2024–2026),4,Moderate growth (below 3%),value_yoy_pct,2.8,Sales value growth,Year-on-year
2025-04-01,2025,4,April,2025Q2,2025-04,Recent period (2024–2026),4,Strong growth (3% or more),value_yoy_pct,3.4,Sales value growth,Year-on-year
2025-05-01,2025,5,May,2025Q2,2025-05,Recent period (2024–2026),4,Contraction,value_yoy_pct,-0.7,Sales value growth,Year-on-year
2025-06-01,2025,6,June,2025Q2,2025-06,Recent period (2024–2026),4,Moderate growth (below 3%),value_yoy_pct,1.9,Sales value growth,Year-on-year
2025-07-01,2025,7,July,2025Q3,2025-07,Recent period (2024–2026),4,Moderate growth (below 3%),value_yoy_pct,2.8,Sales value growth,Year-on-year
2025-08-01,2025,8,August,2025Q3,2025-08,Recent period (2024–2026),4,Moderate growth (below 3%),value_yoy_pct,2.1,Sales value growth,Year-on-year
2025-09-01,2025,9,September,2025Q3,2025-09,Recent period (2024–2026),4,Moderate growth (below 3%),value_yoy_pct,3.6,Sales value growth,Year-on-year
2025-10-01,2025,10,October,2025Q4,2025-10,Recent period (2024–2026),4,Moderate growth (below 3%),value_yoy_pct,3.8,Sales value growth,Year-on-year
2025-11-01,2025,11,November,2025Q4,2025-11,Recent period (2024–2026),4,Moderate growth (below 3%),value_yoy_pct,3.2,Sales value growth,Year-on-year
2025-12-01,2025,12,December,2025Q4,2025-12,Recent period (2024–2026),4,Moderate growth (below 3%),value_yoy_pct,2.9,Sales value growth,Year-on-year
2026-01-01,2026,1,January,2026Q1,2026-01,Recent period (2024–2026),4,Strong growth (3% or more),value_yoy_pct,5.3,Sales value growth,Year-on-year
2026-02-01,2026,2,February,2026Q1,2026-02,Recent period (2024–2026),4,Moderate growth (below 3%),value_yoy_pct,2.4,Sales value growth,Year-on-year
2026-03-01,2026,3,March,2026Q1,2026-03,Recent period (2024–2026),4,Moderate growth (below 3%),value_yoy_pct,3.6,Sales value growth,Year-on-year
2026-04-01,2026,4,April,2026Q2,2026-04,Recent period (2024–2026),4,No change,value_yoy_pct,4.6,Sales value growth,Year-on-year
2026-05-01,2026,5,May,2026Q2,2026-05,Recent period (2024–2026),4,Strong growth (3% or more),value_yoy_pct,7.2,Sales value growth,Year-on-year
2026-06-01,2026,6,June,2026Q2,2026-06,Recent period (2024–2026),4,Strong growth (3% or more),value_yoy_pct,6.7,Sales value growth,Year-on-year
2026-07-01,2026,7,July,2026Q3,2026-07,Recent period (2024–2026),4,Moderate growth (below 3%),value_yoy_pct,4.0,Sales value growth,Year-on-year
2026-08-01,2026,8,August,2026Q3,2026-08,Recent period (2024–2026),4,Moderate growth (below 3%),value_yoy_pct,6.0,Sales value growth,Year-on-year
1997-01-01,1997,1,January,1997Q1,1997-01,Pre-pandemic (1997–2019),1,Strong growth (3% or more),value_mom_pct,1.9,Sales value growth,Month-on-month
1997-02-01,1997,2,February,1997Q1,1997-02,Pre-pandemic (1997–2019),1,Strong growth (3% or more),value_mom_pct,0.8,Sales value growth,Month-on-month
1997-03-01,1997,3,March,1997Q1,1997-03,Pre-pandemic (1997–2019),1,Strong growth (3% or more),value_mom_pct,1.2,Sales value growth,Month-on-month
1997-04-01,1997,4,April,1997Q2,1997-04,Pre-pandemic (1997–2019),1,Strong growth (3% or more),value_mom_pct,0.1,Sales value growth,Month-on-month
1997-05-01,1997,5,May,1997Q2,1997-05,Pre-pandemic (1997–2019),1,Strong growth (3% or more),value_mom_pct,-0.1,Sales value growth,Month-on-month
1997-06-01,1997,6,June,1997Q2,1997-06,Pre-pandemic (1997–2019),1,Strong growth (3% or more),value_mom_pct,1.7,Sales value growth,Month-on-month
1997-07-01,1997,7,July,1997Q3,1997-07,Pre-pandemic (1997–2019),1,Strong growth (3% or more),value_mom_pct,0.7,Sales value growth,Month-on-month
1997-08-01,1997,8,August,1997Q3,1997-08,Pre-pandemic (1997–2019),1,Strong growth (3% or more),value_mom_pct,-0.8,Sales value growth,Month-on-month
1997-09-01,1997,9,September,1997Q3,1997-09,Pre-pandemic (1997–2019),1,Moderate growth (below 3%),value_mom_pct,0.2,Sales value growth,Month-on-month
1997-10-01,1997,10,October,1997Q4,1997-10,Pre-pandemic (1997–2019),1,Strong growth (3% or more),value_mom_pct,1.7,Sales value growth,Month-on-month
1997-11-01,1997,11,November,1997Q4,1997-11,Pre-pandemic (1997–2019),1,Strong growth (3% or more),value_mom_pct,0.2,Sales value growth,Month-on-month
1997-12-01,1997,12,December,1997Q4,1997-12,Pre-pandemic (1997–2019),1,Strong growth (3% or more),value_mom_pct,0.2,Sales value growth,Month-on-month
1998-01-01,1998,1,January,1998Q1,1998-01,Pre-pandemic (1997–2019),1,Strong growth (3% or more),value_mom_pct,0.1,Sales value growth,Month-on-month
1998-02-01,1998,2,February,1998Q1,1998-02,Pre-pandemic (1997–2019),1,Strong growth (3% or more),value_mom_pct,0.1,Sales value growth,Month-on-month
1998-03-01,1998,3,March,1998Q1,1998-03,Pre-pandemic (1997–2019),1,Moderate growth (below 3%),value_mom_pct,-0.4,Sales value growth,Month-on-month
1998-04-01,1998,4,April,1998Q2,1998-04,Pre-pandemic (1997–2019),1,Moderate growth (below 3%),value_mom_pct,0.2,Sales value growth,Month-on-month
1998-05-01,1998,5,May,1998Q2,1998-05,Pre-pandemic (1997–2019),1,Strong growth (3% or more),value_mom_pct,1.2,Sales value growth,Month-on-month
1998-06-01,1998,6,June,1998Q2,1998-06,Pre-pandemic (1997–2019),1,Moderate growth (below 3%),value_mom_pct,-1.3,Sales value growth,Month-on-month
1998-07-01,1998,7,July,1998Q3,1998-07,Pre-pandemic (1997–2019),1,Moderate growth (below 3%),value_mom_pct,1.3,Sales value growth,Month-on-month
1998-08-01,1998,8,August,1998Q3,1998-08,Pre-pandemic (1997–2019),1,Strong growth (3% or more),value_mom_pct,0.9,Sales value growth,Month-on-month
1998-09-01,1998,9,September,1998Q3,1998-09,Pre-pandemic (1997–2019),1,Moderate growth (below 3%),value_mom_pct,-0.6,Sales value growth,Month-on-month
1998-10-01,1998,10,October,1998Q4,1998-10,Pre-pandemic (1997–2019),1,Moderate growth (below 3%),value_mom_pct,-0.5,Sales value growth,Month-on-month
1998-11-01,1998,11,November,1998Q4,1998-11,Pre-pandemic (1997–2019),1,Moderate growth (below 3%),value_mom_pct,0.4,Sales value growth,Month-on-month
1998-12-01,1998,12,December,1998Q4,1998-12,Pre-pandemic (1997–2019),1,Contraction,value_mom_pct,-1.1,Sales value growth,Month-on-month
1999-01-01,1999,1,January,1999Q1,1999-01,Pre-pandemic (1997–2019),1,Moderate growth (below 3%),value_mom_pct,1.9,Sales value growth,Month-on-month
1999-02-01,1999,2,February,1999Q1,1999-02,Pre-pandemic (1997–2019),1,Moderate growth (below 3%),value_mom_pct,-0.4,Sales value growth,Month-on-month
1999-03-01,1999,3,March,1999Q1,1999-03,Pre-pandemic (1997–2019),1,Moderate growth (below 3%),value_mom_pct,0.0,Sales value growth,Month-on-month
1999-04-01,1999,4,April,1999Q2,1999-04,Pre-pandemic (1997–2019),1,Moderate growth (below 3%),value_mom_pct,0.7,Sales value growth,Month-on-month
1999-05-01,1999,5,May,1999Q2,1999-05,Pre-pandemic (1997–2019),1,Moderate growth (below 3%),value_mom_pct,1.0,Sales value growth,Month-on-month
1999-06-01,1999,6,June,1999Q2,1999-06,Pre-pandemic (1997–2019),1,Strong growth (3% or more),value_mom_pct,0.4,Sales value growth,Month-on-month
1999-07-01,1999,7,July,1999Q3,1999-07,Pre-pandemic (1997–2019),1,Moderate growth (below 3%),value_mom_pct,0.1,Sales value growth,Month-on-month
1999-08-01,1999,8,August,1999Q3,1999-08,Pre-pandemic (1997–2019),1,Moderate growth (below 3%),value_mom_pct,0.5,Sales value growth,Month-on-month
1999-09-01,1999,9,September,1999Q3,1999-09,Pre-pandemic (1997–2019),1,Moderate growth (below 3%),value_mom_pct,-0.5,Sales value growth,Month-on-month
1999-10-01,1999,10,October,1999Q4,1999-10,Pre-pandemic (1997–2019),1,Strong growth (3% or more),value_mom_pct,0.9,Sales value growth,Month-on-month
1999-11-01,1999,11,November,1999Q4,1999-11,Pre-pandemic (1997–2019),1,Strong growth (3% or more),value_mom_pct,0.7,Sales value growth,Month-on-month
1999-12-01,1999,12,December,1999Q4,1999-12,Pre-pandemic (1997–2019),1,Strong growth (3% or more),value_mom_pct,1.2,Sales value growth,Month-on-month
2000-01-01,2000,1,January,2000Q1,2000-01,Pre-pandemic (1997–2019),1,Strong growth (3% or more),value_mom_pct,1.6,Sales value growth,Month-on-month
2000-02-01,2000,2,February,2000Q1,2000-02,Pre-pandemic (1997–2019),1,Strong growth (3% or more),value_mom_pct,-1.7,Sales value growth,Month-on-month
2000-03-01,2000,3,March,2000Q1,2000-03,Pre-pandemic (1997–2019),1,Strong growth (3% or more),value_mom_pct,0.1,Sales value growth,Month-on-month
2000-04-01,2000,4,April,2000Q2,2000-04,Pre-pandemic (1997–2019),1,Strong growth (3% or more),value_mom_pct,2.6,Sales value growth,Month-on-month
2000-05-01,2000,5,May,2000Q2,2000-05,Pre-pandemic (1997–2019),1,Strong growth (3% or more),value_mom_pct,-1.6,Sales value growth,Month-on-month
2000-06-01,2000,6,June,2000Q2,2000-06,Pre-pandemic (1997–2019),1,Strong growth (3% or more),value_mom_pct,0.2,Sales value growth,Month-on-month
2000-07-01,2000,7,July,2000Q3,2000-07,Pre-pandemic (1997–2019),1,Strong growth (3% or more),value_mom_pct,-0.1,Sales value growth,Month-on-month
2000-08-01,2000,8,August,2000Q3,2000-08,Pre-pandemic (1997–2019),1,Strong growth (3% or more),value_mom_pct,1.0,Sales value growth,Month-on-month
2000-09-01,2000,9,September,2000Q3,2000-09,Pre-pandemic (1997–2019),1,Strong growth (3% or more),value_mom_pct,0.1,Sales value growth,Month-on-month
2000-10-01,2000,10,October,2000Q4,2000-10,Pre-pandemic (1997–2019),1,Strong growth (3% or more),value_mom_pct,0.4,Sales value growth,Month-on-month
2000-11-01,2000,11,November,2000Q4,2000-11,Pre-pandemic (1997–2019),1,Strong growth (3% or more),value_mom_pct,0.6,Sales value growth,Month-on-month
2000-12-01,2000,12,December,2000Q4,2000-12,Pre-pandemic (1997–2019),1,Strong growth (3% or more),value_mom_pct,0.6,Sales value growth,Month-on-month
2001-01-01,2001,1,January,2001Q1,2001-01,Pre-pandemic (1997–2019),1,Moderate growth (below 3%),value_mom_pct,0.2,Sales value growth,Month-on-month
2001-02-01,2001,2,February,2001Q1,2001-02,Pre-pandemic (1997–2019),1,Strong growth (3% or more),value_mom_pct,-0.4,Sales value growth,Month-on-month
2001-03-01,2001,3,March,2001Q1,2001-03,Pre-pandemic (1997–2019),1,Strong growth (3% or more),value_mom_pct,0.1,Sales value growth,Month-on-month
2001-04-01,2001,4,April,2001Q2,2001-04,Pre-pandemic (1997–2019),1,Strong growth (3% or more),value_mom_pct,0.4,Sales value growth,Month-on-month
2001-05-01,2001,5,May,2001Q2,2001-05,Pre-pandemic (1997–2019),1,Strong growth (3% or more),value_mom_pct,2.6,Sales value growth,Month-on-month
2001-06-01,2001,6,June,2001Q2,2001-06,Pre-pandemic (1997–2019),1,Strong growth (3% or more),value_mom_pct,-0.3,Sales value growth,Month-on-month
2001-07-01,2001,7,July,2001Q3,2001-07,Pre-pandemic (1997–2019),1,Strong growth (3% or more),value_mom_pct,0.1,Sales value growth,Month-on-month
2001-08-01,2001,8,August,2001Q3,2001-08,Pre-pandemic (1997–2019),1,Strong growth (3% or more),value_mom_pct,-0.1,Sales value growth,Month-on-month
2001-09-01,2001,9,September,2001Q3,2001-09,Pre-pandemic (1997–2019),1,Strong growth (3% or more),value_mom_pct,1.0,Sales value growth,Month-on-month
2001-10-01,2001,10,October,2001Q4,2001-10,Pre-pandemic (1997–2019),1,Strong growth (3% or more),value_mom_pct,-0.1,Sales value growth,Month-on-month
2001-11-01,2001,11,November,2001Q4,2001-11,Pre-pandemic (1997–2019),1,Strong growth (3% or more),value_mom_pct,0.4,Sales value growth,Month-on-month
2001-12-01,2001,12,December,2001Q4,2001-12,Pre-pandemic (1997–2019),1,Strong growth (3% or more),value_mom_pct,1.3,Sales value growth,Month-on-month
2002-01-01,2002,1,January,2002Q1,2002-01,Pre-pandemic (1997–2019),1,Strong growth (3% or more),value_mom_pct,-0.3,Sales value growth,Month-on-month
2002-02-01,2002,2,February,2002Q1,2002-02,Pre-pandemic (1997–2019),1,Strong growth (3% or more),value_mom_pct,1.1,Sales value growth,Month-on-month
2002-03-01,2002,3,March,2002Q1,2002-03,Pre-pandemic (1997–2019),1,Strong growth (3% or more),value_mom_pct,0.4,Sales value growth,Month-on-month
2002-04-01,2002,4,April,2002Q2,2002-04,Pre-pandemic (1997–2019),1,Strong growth (3% or more),value_mom_pct,1.3,Sales value growth,Month-on-month
2002-05-01,2002,5,May,2002Q2,2002-05,Pre-pandemic (1997–2019),1,Strong growth (3% or more),value_mom_pct,-1.0,Sales value growth,Month-on-month
2002-06-01,2002,6,June,2002Q2,2002-06,Pre-pandemic (1997–2019),1,Strong growth (3% or more),value_mom_pct,-1.9,Sales value growth,Month-on-month
2002-07-01,2002,7,July,2002Q3,2002-07,Pre-pandemic (1997–2019),1,Strong growth (3% or more),value_mom_pct,2.1,Sales value growth,Month-on-month
2002-08-01,2002,8,August,2002Q3,2002-08,Pre-pandemic (1997–2019),1,Strong growth (3% or more),value_mom_pct,-0.7,Sales value growth,Month-on-month
2002-09-01,2002,9,September,2002Q3,2002-09,Pre-pandemic (1997–2019),1,Strong growth (3% or more),value_mom_pct,0.9,Sales value growth,Month-on-month
2002-10-01,2002,10,October,2002Q4,2002-10,Pre-pandemic (1997–2019),1,Strong growth (3% or more),value_mom_pct,0.6,Sales value growth,Month-on-month
2002-11-01,2002,11,November,2002Q4,2002-11,Pre-pandemic (1997–2019),1,Strong growth (3% or more),value_mom_pct,0.7,Sales value growth,Month-on-month
2002-12-01,2002,12,December,2002Q4,2002-12,Pre-pandemic (1997–2019),1,Moderate growth (below 3%),value_mom_pct,-1.8,Sales value growth,Month-on-month
2003-01-01,2003,1,January,2003Q1,2003-01,Pre-pandemic (1997–2019),1,Moderate growth (below 3%),value_mom_pct,1.0,Sales value growth,Month-on-month
2003-02-01,2003,2,February,2003Q1,2003-02,Pre-pandemic (1997–2019),1,Moderate growth (below 3%),value_mom_pct,0.8,Sales value growth,Month-on-month
2003-03-01,2003,3,March,2003Q1,2003-03,Pre-pandemic (1997–2019),1,Moderate growth (below 3%),value_mom_pct,0.8,Sales value growth,Month-on-month
2003-04-01,2003,4,April,2003Q2,2003-04,Pre-pandemic (1997–2019),1,Moderate growth (below 3%),value_mom_pct,-1.0,Sales value growth,Month-on-month
2003-05-01,2003,5,May,2003Q2,2003-05,Pre-pandemic (1997–2019),1,Moderate growth (below 3%),value_mom_pct,-0.6,Sales value growth,Month-on-month
2003-06-01,2003,6,June,2003Q2,2003-06,Pre-pandemic (1997–2019),1,Strong growth (3% or more),value_mom_pct,0.7,Sales value growth,Month-on-month
2003-07-01,2003,7,July,2003Q3,2003-07,Pre-pandemic (1997–2019),1,Moderate growth (below 3%),value_mom_pct,1.1,Sales value growth,Month-on-month
2003-08-01,2003,8,August,2003Q3,2003-08,Pre-pandemic (1997–2019),1,Moderate growth (below 3%),value_mom_pct,0.1,Sales value growth,Month-on-month
2003-09-01,2003,9,September,2003Q3,2003-09,Pre-pandemic (1997–2019),1,Strong growth (3% or more),value_mom_pct,0.9,Sales value growth,Month-on-month
2003-10-01,2003,10,October,2003Q4,2003-10,Pre-pandemic (1997–2019),1,Moderate growth (below 3%),value_mom_pct,0.4,Sales value growth,Month-on-month
2003-11-01,2003,11,November,2003Q4,2003-11,Pre-pandemic (1997–2019),1,Moderate growth (below 3%),value_mom_pct,0.1,Sales value growth,Month-on-month
2003-12-01,2003,12,December,2003Q4,2003-12,Pre-pandemic (1997–2019),1,Strong growth (3% or more),value_mom_pct,0.0,Sales value growth,Month-on-month
2004-01-01,2004,1,January,2004Q1,2004-01,Pre-pandemic (1997–2019),1,Strong growth (3% or more),value_mom_pct,1.9,Sales value growth,Month-on-month
2004-02-01,2004,2,February,2004Q1,2004-02,Pre-pandemic (1997–2019),1,Strong growth (3% or more),value_mom_pct,-0.7,Sales value growth,Month-on-month
2004-03-01,2004,3,March,2004Q1,2004-03,Pre-pandemic (1997–2019),1,Strong growth (3% or more),value_mom_pct,0.2,Sales value growth,Month-on-month
2004-04-01,2004,4,April,2004Q2,2004-04,Pre-pandemic (1997–2019),1,Strong growth (3% or more),value_mom_pct,0.8,Sales value growth,Month-on-month
2004-05-01,2004,5,May,2004Q2,2004-05,Pre-pandemic (1997–2019),1,Strong growth (3% or more),value_mom_pct,0.6,Sales value growth,Month-on-month
2004-06-01,2004,6,June,2004Q2,2004-06,Pre-pandemic (1997–2019),1,Strong growth (3% or more),value_mom_pct,0.5,Sales value growth,Month-on-month
2004-07-01,2004,7,July,2004Q3,2004-07,Pre-pandemic (1997–2019),1,Strong growth (3% or more),value_mom_pct,-0.2,Sales value growth,Month-on-month
2004-08-01,2004,8,August,2004Q3,2004-08,Pre-pandemic (1997–2019),1,Strong growth (3% or more),value_mom_pct,0.5,Sales value growth,Month-on-month
2004-09-01,2004,9,September,2004Q3,2004-09,Pre-pandemic (1997–2019),1,Strong growth (3% or more),value_mom_pct,0.4,Sales value growth,Month-on-month
2004-10-01,2004,10,October,2004Q4,2004-10,Pre-pandemic (1997–2019),1,Strong growth (3% or more),value_mom_pct,0.9,Sales value growth,Month-on-month
2004-11-01,2004,11,November,2004Q4,2004-11,Pre-pandemic (1997–2019),1,Strong growth (3% or more),value_mom_pct,-0.4,Sales value growth,Month-on-month
2004-12-01,2004,12,December,2004Q4,2004-12,Pre-pandemic (1997–2019),1,Strong growth (3% or more),value_mom_pct,-0.7,Sales value growth,Month-on-month
2005-01-01,2005,1,January,2005Q1,2005-01,Pre-pandemic (1997–2019),1,Moderate growth (below 3%),value_mom_pct,0.1,Sales value growth,Month-on-month
2005-02-01,2005,2,February,2005Q1,2005-02,Pre-pandemic (1997–2019),1,Moderate growth (below 3%),value_mom_pct,-0.3,Sales value growth,Month-on-month
2005-03-01,2005,3,March,2005Q1,2005-03,Pre-pandemic (1997–2019),1,Moderate growth (below 3%),value_mom_pct,0.0,Sales value growth,Month-on-month
2005-04-01,2005,4,April,2005Q2,2005-04,Pre-pandemic (1997–2019),1,Moderate growth (below 3%),value_mom_pct,0.2,Sales value growth,Month-on-month
2005-05-01,2005,5,May,2005Q2,2005-05,Pre-pandemic (1997–2019),1,Moderate growth (below 3%),value_mom_pct,-0.5,Sales value growth,Month-on-month
2005-06-01,2005,6,June,2005Q2,2005-06,Pre-pandemic (1997–2019),1,Moderate growth (below 3%),value_mom_pct,1.0,Sales value growth,Month-on-month
2005-07-01,2005,7,July,2005Q3,2005-07,Pre-pandemic (1997–2019),1,Contraction,value_mom_pct,0.3,Sales value growth,Month-on-month
2005-08-01,2005,8,August,2005Q3,2005-08,Pre-pandemic (1997–2019),1,Contraction,value_mom_pct,-0.7,Sales value growth,Month-on-month
2005-09-01,2005,9,September,2005Q3,2005-09,Pre-pandemic (1997–2019),1,Contraction,value_mom_pct,0.5,Sales value growth,Month-on-month
2005-10-01,2005,10,October,2005Q4,2005-10,Pre-pandemic (1997–2019),1,Contraction,value_mom_pct,0.3,Sales value growth,Month-on-month
2005-11-01,2005,11,November,2005Q4,2005-11,Pre-pandemic (1997–2019),1,Moderate growth (below 3%),value_mom_pct,0.8,Sales value growth,Month-on-month
2005-12-01,2005,12,December,2005Q4,2005-12,Pre-pandemic (1997–2019),1,Moderate growth (below 3%),value_mom_pct,-0.3,Sales value growth,Month-on-month
2006-01-01,2006,1,January,2006Q1,2006-01,Pre-pandemic (1997–2019),1,Moderate growth (below 3%),value_mom_pct,1.0,Sales value growth,Month-on-month
2006-02-01,2006,2,February,2006Q1,2006-02,Pre-pandemic (1997–2019),1,Moderate growth (below 3%),value_mom_pct,-0.2,Sales value growth,Month-on-month
2006-03-01,2006,3,March,2006Q1,2006-03,Pre-pandemic (1997–2019),1,Moderate growth (below 3%),value_mom_pct,0.7,Sales value growth,Month-on-month
2006-04-01,2006,4,April,2006Q2,2006-04,Pre-pandemic (1997–2019),1,Moderate growth (below 3%),value_mom_pct,-0.1,Sales value growth,Month-on-month
2006-05-01,2006,5,May,2006Q2,2006-05,Pre-pandemic (1997–2019),1,Moderate growth (below 3%),value_mom_pct,1.1,Sales value growth,Month-on-month
2006-06-01,2006,6,June,2006Q2,2006-06,Pre-pandemic (1997–2019),1,Moderate growth (below 3%),value_mom_pct,0.6,Sales value growth,Month-on-month
2006-07-01,2006,7,July,2006Q3,2006-07,Pre-pandemic (1997–2019),1,Moderate growth (below 3%),value_mom_pct,0.2,Sales value growth,Month-on-month
2006-08-01,2006,8,August,2006Q3,2006-08,Pre-pandemic (1997–2019),1,Strong growth (3% or more),value_mom_pct,0.3,Sales value growth,Month-on-month
2006-09-01,2006,9,September,2006Q3,2006-09,Pre-pandemic (1997–2019),1,Moderate growth (below 3%),value_mom_pct,-0.6,Sales value growth,Month-on-month
2006-10-01,2006,10,October,2006Q4,2006-10,Pre-pandemic (1997–2019),1,Strong growth (3% or more),value_mom_pct,0.4,Sales value growth,Month-on-month
2006-11-01,2006,11,November,2006Q4,2006-11,Pre-pandemic (1997–2019),1,Moderate growth (below 3%),value_mom_pct,0.4,Sales value growth,Month-on-month
2006-12-01,2006,12,December,2006Q4,2006-12,Pre-pandemic (1997–2019),1,Strong growth (3% or more),value_mom_pct,1.1,Sales value growth,Month-on-month
2007-01-01,2007,1,January,2007Q1,2007-01,Pre-pandemic (1997–2019),1,Moderate growth (below 3%),value_mom_pct,-1.4,Sales value growth,Month-on-month
2007-02-01,2007,2,February,2007Q1,2007-02,Pre-pandemic (1997–2019),1,Strong growth (3% or more),value_mom_pct,1.2,Sales value growth,Month-on-month
2007-03-01,2007,3,March,2007Q1,2007-03,Pre-pandemic (1997–2019),1,Moderate growth (below 3%),value_mom_pct,1.5,Sales value growth,Month-on-month
2007-04-01,2007,4,April,2007Q2,2007-04,Pre-pandemic (1997–2019),1,Strong growth (3% or more),value_mom_pct,0.8,Sales value growth,Month-on-month
2007-05-01,2007,5,May,2007Q2,2007-05,Pre-pandemic (1997–2019),1,Moderate growth (below 3%),value_mom_pct,-0.9,Sales value growth,Month-on-month
2007-06-01,2007,6,June,2007Q2,2007-06,Pre-pandemic (1997–2019),1,Moderate growth (below 3%),value_mom_pct,0.6,Sales value growth,Month-on-month
2007-07-01,2007,7,July,2007Q3,2007-07,Pre-pandemic (1997–2019),1,Moderate growth (below 3%),value_mom_pct,-0.5,Sales value growth,Month-on-month
2007-08-01,2007,8,August,2007Q3,2007-08,Pre-pandemic (1997–2019),1,Moderate growth (below 3%),value_mom_pct,0.5,Sales value growth,Month-on-month
2007-09-01,2007,9,September,2007Q3,2007-09,Pre-pandemic (1997–2019),1,Strong growth (3% or more),value_mom_pct,0.7,Sales value growth,Month-on-month
2007-10-01,2007,10,October,2007Q4,2007-10,Pre-pandemic (1997–2019),1,Moderate growth (below 3%),value_mom_pct,-0.1,Sales value growth,Month-on-month
2007-11-01,2007,11,November,2007Q4,2007-11,Pre-pandemic (1997–2019),1,Moderate growth (below 3%),value_mom_pct,1.3,Sales value growth,Month-on-month
2007-12-01,2007,12,December,2007Q4,2007-12,Pre-pandemic (1997–2019),1,Moderate growth (below 3%),value_mom_pct,-0.1,Sales value growth,Month-on-month
2008-01-01,2008,1,January,2008Q1,2008-01,Pre-pandemic (1997–2019),1,Moderate growth (below 3%),value_mom_pct,0.8,Sales value growth,Month-on-month
2008-02-01,2008,2,February,2008Q1,2008-02,Pre-pandemic (1997–2019),1,Moderate growth (below 3%),value_mom_pct,2.0,Sales value growth,Month-on-month
2008-03-01,2008,3,March,2008Q1,2008-03,Pre-pandemic (1997–2019),1,Contraction,value_mom_pct,-1.8,Sales value growth,Month-on-month
2008-04-01,2008,4,April,2008Q2,2008-04,Pre-pandemic (1997–2019),1,Contraction,value_mom_pct,-0.2,Sales value growth,Month-on-month
2008-05-01,2008,5,May,2008Q2,2008-05,Pre-pandemic (1997–2019),1,Moderate growth (below 3%),value_mom_pct,3.8,Sales value growth,Month-on-month
2008-06-01,2008,6,June,2008Q2,2008-06,Pre-pandemic (1997–2019),1,Contraction,value_mom_pct,-2.3,Sales value growth,Month-on-month
2008-07-01,2008,7,July,2008Q3,2008-07,Pre-pandemic (1997–2019),1,Contraction,value_mom_pct,1.0,Sales value growth,Month-on-month
2008-08-01,2008,8,August,2008Q3,2008-08,Pre-pandemic (1997–2019),1,Contraction,value_mom_pct,-0.2,Sales value growth,Month-on-month
2008-09-01,2008,9,September,2008Q3,2008-09,Pre-pandemic (1997–2019),1,Contraction,value_mom_pct,0.0,Sales value growth,Month-on-month
2008-10-01,2008,10,October,2008Q4,2008-10,Pre-pandemic (1997–2019),1,Contraction,value_mom_pct,-1.2,Sales value growth,Month-on-month
2008-11-01,2008,11,November,2008Q4,2008-11,Pre-pandemic (1997–2019),1,Contraction,value_mom_pct,-0.2,Sales value growth,Month-on-month
2008-12-01,2008,12,December,2008Q4,2008-12,Pre-pandemic (1997–2019),1,Contraction,value_mom_pct,-0.9,Sales value growth,Month-on-month
2009-01-01,2009,1,January,2009Q1,2009-01,Pre-pandemic (1997–2019),1,Contraction,value_mom_pct,0.6,Sales value growth,Month-on-month
2009-02-01,2009,2,February,2009Q1,2009-02,Pre-pandemic (1997–2019),1,Contraction,value_mom_pct,-1.0,Sales value growth,Month-on-month
2009-03-01,2009,3,March,2009Q1,2009-03,Pre-pandemic (1997–2019),1,Contraction,value_mom_pct,0.6,Sales value growth,Month-on-month
2009-04-01,2009,4,April,2009Q2,2009-04,Pre-pandemic (1997–2019),1,Contraction,value_mom_pct,0.3,Sales value growth,Month-on-month
2009-05-01,2009,5,May,2009Q2,2009-05,Pre-pandemic (1997–2019),1,Contraction,value_mom_pct,0.5,Sales value growth,Month-on-month
2009-06-01,2009,6,June,2009Q2,2009-06,Pre-pandemic (1997–2019),1,Moderate growth (below 3%),value_mom_pct,1.3,Sales value growth,Month-on-month
2009-07-01,2009,7,July,2009Q3,2009-07,Pre-pandemic (1997–2019),1,Moderate growth (below 3%),value_mom_pct,0.2,Sales value growth,Month-on-month
2009-08-01,2009,8,August,2009Q3,2009-08,Pre-pandemic (1997–2019),1,Moderate growth (below 3%),value_mom_pct,0.6,Sales value growth,Month-on-month
2009-09-01,2009,9,September,2009Q3,2009-09,Pre-pandemic (1997–2019),1,Moderate growth (below 3%),value_mom_pct,0.0,Sales value growth,Month-on-month
2009-10-01,2009,10,October,2009Q4,2009-10,Pre-pandemic (1997–2019),1,Moderate growth (below 3%),value_mom_pct,0.7,Sales value growth,Month-on-month
2009-11-01,2009,11,November,2009Q4,2009-11,Pre-pandemic (1997–2019),1,Moderate growth (below 3%),value_mom_pct,-0.2,Sales value growth,Month-on-month
2009-12-01,2009,12,December,2009Q4,2009-12,Pre-pandemic (1997–2019),1,Contraction,value_mom_pct,-0.4,Sales value growth,Month-on-month
2010-01-01,2010,1,January,2010Q1,2010-01,Pre-pandemic (1997–2019),1,Contraction,value_mom_pct,-2.4,Sales value growth,Month-on-month
2010-02-01,2010,2,February,2010Q1,2010-02,Pre-pandemic (1997–2019),1,Moderate growth (below 3%),value_mom_pct,2.6,Sales value growth,Month-on-month
2010-03-01,2010,3,March,2010Q1,2010-03,Pre-pandemic (1997–2019),1,Contraction,value_mom_pct,0.1,Sales value growth,Month-on-month
2010-04-01,2010,4,April,2010Q2,2010-04,Pre-pandemic (1997–2019),1,Contraction,value_mom_pct,1.3,Sales value growth,Month-on-month
2010-05-01,2010,5,May,2010Q2,2010-05,Pre-pandemic (1997–2019),1,Contraction,value_mom_pct,0.0,Sales value growth,Month-on-month
2010-06-01,2010,6,June,2010Q2,2010-06,Pre-pandemic (1997–2019),1,Contraction,value_mom_pct,0.1,Sales value growth,Month-on-month
2010-07-01,2010,7,July,2010Q3,2010-07,Pre-pandemic (1997–2019),1,Contraction,value_mom_pct,0.2,Sales value growth,Month-on-month
2010-08-01,2010,8,August,2010Q3,2010-08,Pre-pandemic (1997–2019),1,Contraction,value_mom_pct,0.3,Sales value growth,Month-on-month
2010-09-01,2010,9,September,2010Q3,2010-09,Pre-pandemic (1997–2019),1,Contraction,value_mom_pct,-0.6,Sales value growth,Month-on-month
2010-10-01,2010,10,October,2010Q4,2010-10,Pre-pandemic (1997–2019),1,Contraction,value_mom_pct,0.9,Sales value growth,Month-on-month
2010-11-01,2010,11,November,2010Q4,2010-11,Pre-pandemic (1997–2019),1,Contraction,value_mom_pct,0.9,Sales value growth,Month-on-month
2010-12-01,2010,12,December,2010Q4,2010-12,Pre-pandemic (1997–2019),1,Contraction,value_mom_pct,-1.0,Sales value growth,Month-on-month
2011-01-01,2011,1,January,2011Q1,2011-01,Pre-pandemic (1997–2019),1,Moderate growth (below 3%),value_mom_pct,2.8,Sales value growth,Month-on-month
2011-02-01,2011,2,February,2011Q1,2011-02,Pre-pandemic (1997–2019),1,Contraction,value_mom_pct,-0.3,Sales value growth,Month-on-month
2011-03-01,2011,3,March,2011Q1,2011-03,Pre-pandemic (1997–2019),1,Contraction,value_mom_pct,0.3,Sales value growth,Month-on-month
2011-04-01,2011,4,April,2011Q2,2011-04,Pre-pandemic (1997–2019),1,Moderate growth (below 3%),value_mom_pct,2.3,Sales value growth,Month-on-month
2011-05-01,2011,5,May,2011Q2,2011-05,Pre-pandemic (1997–2019),1,Contraction,value_mom_pct,-1.8,Sales value growth,Month-on-month
2011-06-01,2011,6,June,2011Q2,2011-06,Pre-pandemic (1997–2019),1,Contraction,value_mom_pct,0.2,Sales value growth,Month-on-month
2011-07-01,2011,7,July,2011Q3,2011-07,Pre-pandemic (1997–2019),1,Contraction,value_mom_pct,0.7,Sales value growth,Month-on-month
2011-08-01,2011,8,August,2011Q3,2011-08,Pre-pandemic (1997–2019),1,Contraction,value_mom_pct,0.0,Sales value growth,Month-on-month
2011-09-01,2011,9,September,2011Q3,2011-09,Pre-pandemic (1997–2019),1,Contraction,value_mom_pct,0.6,Sales value growth,Month-on-month
2011-10-01,2011,10,October,2011Q4,2011-10,Pre-pandemic (1997–2019),1,Contraction,value_mom_pct,0.9,Sales value growth,Month-on-month
2011-11-01,2011,11,November,2011Q4,2011-11,Pre-pandemic (1997–2019),1,Contraction,value_mom_pct,-0.1,Sales value growth,Month-on-month
2011-12-01,2011,12,December,2011Q4,2011-12,Pre-pandemic (1997–2019),1,Moderate growth (below 3%),value_mom_pct,0.8,Sales value growth,Month-on-month
2012-01-01,2012,1,January,2012Q1,2012-01,Pre-pandemic (1997–2019),1,Contraction,value_mom_pct,-0.4,Sales value growth,Month-on-month
2012-02-01,2012,2,February,2012Q1,2012-02,Pre-pandemic (1997–2019),1,Contraction,value_mom_pct,-0.4,Sales value growth,Month-on-month
2012-03-01,2012,3,March,2012Q1,2012-03,Pre-pandemic (1997–2019),1,Moderate growth (below 3%),value_mom_pct,2.8,Sales value growth,Month-on-month
2012-04-01,2012,4,April,2012Q2,2012-04,Pre-pandemic (1997–2019),1,Contraction,value_mom_pct,-2.5,Sales value growth,Month-on-month
2012-05-01,2012,5,May,2012Q2,2012-05,Pre-pandemic (1997–2019),1,Moderate growth (below 3%),value_mom_pct,0.4,Sales value growth,Month-on-month
2012-06-01,2012,6,June,2012Q2,2012-06,Pre-pandemic (1997–2019),1,Moderate growth (below 3%),value_mom_pct,-0.3,Sales value growth,Month-on-month
2012-07-01,2012,7,July,2012Q3,2012-07,Pre-pandemic (1997–2019),1,Moderate growth (below 3%),value_mom_pct,0.2,Sales value growth,Month-on-month
2012-08-01,2012,8,August,2012Q3,2012-08,Pre-pandemic (1997–2019),1,Moderate growth (below 3%),value_mom_pct,0.5,Sales value growth,Month-on-month
2012-09-01,2012,9,September,2012Q3,2012-09,Pre-pandemic (1997–2019),1,Moderate growth (below 3%),value_mom_pct,1.0,Sales value growth,Month-on-month
2012-10-01,2012,10,October,2012Q4,2012-10,Pre-pandemic (1997–2019),1,Contraction,value_mom_pct,-0.6,Sales value growth,Month-on-month
2012-11-01,2012,11,November,2012Q4,2012-11,Pre-pandemic (1997–2019),1,Contraction,value_mom_pct,-0.4,Sales value growth,Month-on-month
2012-12-01,2012,12,December,2012Q4,2012-12,Pre-pandemic (1997–2019),1,Contraction,value_mom_pct,0.4,Sales value growth,Month-on-month
2013-01-01,2013,1,January,2013Q1,2013-01,Pre-pandemic (1997–2019),1,Contraction,value_mom_pct,-0.2,Sales value growth,Month-on-month
2013-02-01,2013,2,February,2013Q1,2013-02,Pre-pandemic (1997–2019),1,Moderate growth (below 3%),value_mom_pct,1.9,Sales value growth,Month-on-month
2013-03-01,2013,3,March,2013Q1,2013-03,Pre-pandemic (1997–2019),1,Contraction,value_mom_pct,-0.8,Sales value growth,Month-on-month
2013-04-01,2013,4,April,2013Q2,2013-04,Pre-pandemic (1997–2019),1,Moderate growth (below 3%),value_mom_pct,-0.2,Sales value growth,Month-on-month
2013-05-01,2013,5,May,2013Q2,2013-05,Pre-pandemic (1997–2019),1,Moderate growth (below 3%),value_mom_pct,1.0,Sales value growth,Month-on-month
2013-06-01,2013,6,June,2013Q2,2013-06,Pre-pandemic (1997–2019),1,Moderate growth (below 3%),value_mom_pct,0.8,Sales value growth,Month-on-month
2013-07-01,2013,7,July,2013Q3,2013-07,Pre-pandemic (1997–2019),1,Moderate growth (below 3%),value_mom_pct,0.7,Sales value growth,Month-on-month
2013-08-01,2013,8,August,2013Q3,2013-08,Pre-pandemic (1997–2019),1,Moderate growth (below 3%),value_mom_pct,-0.5,Sales value growth,Month-on-month
2013-09-01,2013,9,September,2013Q3,2013-09,Pre-pandemic (1997–2019),1,Moderate growth (below 3%),value_mom_pct,1.1,Sales value growth,Month-on-month
2013-10-01,2013,10,October,2013Q4,2013-10,Pre-pandemic (1997–2019),1,Moderate growth (below 3%),value_mom_pct,-1.2,Sales value growth,Month-on-month
2013-11-01,2013,11,November,2013Q4,2013-11,Pre-pandemic (1997–2019),1,Moderate growth (below 3%),value_mom_pct,0.6,Sales value growth,Month-on-month
2013-12-01,2013,12,December,2013Q4,2013-12,Pre-pandemic (1997–2019),1,Moderate growth (below 3%),value_mom_pct,0.8,Sales value growth,Month-on-month
2014-01-01,2014,1,January,2014Q1,2014-01,Pre-pandemic (1997–2019),1,Strong growth (3% or more),value_mom_pct,-0.3,Sales value growth,Month-on-month
2014-02-01,2014,2,February,2014Q1,2014-02,Pre-pandemic (1997–2019),1,Moderate growth (below 3%),value_mom_pct,0.6,Sales value growth,Month-on-month
2014-03-01,2014,3,March,2014Q1,2014-03,Pre-pandemic (1997–2019),1,Strong growth (3% or more),value_mom_pct,1.2,Sales value growth,Month-on-month
2014-04-01,2014,4,April,2014Q2,2014-04,Pre-pandemic (1997–2019),1,Strong growth (3% or more),value_mom_pct,-0.5,Sales value growth,Month-on-month
2014-05-01,2014,5,May,2014Q2,2014-05,Pre-pandemic (1997–2019),1,Strong growth (3% or more),value_mom_pct,0.1,Sales value growth,Month-on-month
2014-06-01,2014,6,June,2014Q2,2014-06,Pre-pandemic (1997–2019),1,Strong growth (3% or more),value_mom_pct,0.6,Sales value growth,Month-on-month
2014-07-01,2014,7,July,2014Q3,2014-07,Pre-pandemic (1997–2019),1,Strong growth (3% or more),value_mom_pct,-0.1,Sales value growth,Month-on-month
2014-08-01,2014,8,August,2014Q3,2014-08,Pre-pandemic (1997–2019),1,Strong growth (3% or more),value_mom_pct,0.2,Sales value growth,Month-on-month
2014-09-01,2014,9,September,2014Q3,2014-09,Pre-pandemic (1997–2019),1,Moderate growth (below 3%),value_mom_pct,-1.0,Sales value growth,Month-on-month
2014-10-01,2014,10,October,2014Q4,2014-10,Pre-pandemic (1997–2019),1,Strong growth (3% or more),value_mom_pct,0.8,Sales value growth,Month-on-month
2014-11-01,2014,11,November,2014Q4,2014-11,Pre-pandemic (1997–2019),1,Strong growth (3% or more),value_mom_pct,0.3,Sales value growth,Month-on-month
2014-12-01,2014,12,December,2014Q4,2014-12,Pre-pandemic (1997–2019),1,Strong growth (3% or more),value_mom_pct,2.1,Sales value growth,Month-on-month
2015-01-01,2015,1,January,2015Q1,2015-01,Pre-pandemic (1997–2019),1,Strong growth (3% or more),value_mom_pct,-2.0,Sales value growth,Month-on-month
2015-02-01,2015,2,February,2015Q1,2015-02,Pre-pandemic (1997–2019),1,Strong growth (3% or more),value_mom_pct,-0.4,Sales value growth,Month-on-month
2015-03-01,2015,3,March,2015Q1,2015-03,Pre-pandemic (1997–2019),1,Strong growth (3% or more),value_mom_pct,0.4,Sales value growth,Month-on-month
2015-04-01,2015,4,April,2015Q2,2015-04,Pre-pandemic (1997–2019),1,Strong growth (3% or more),value_mom_pct,0.6,Sales value growth,Month-on-month
2015-05-01,2015,5,May,2015Q2,2015-05,Pre-pandemic (1997–2019),1,Strong growth (3% or more),value_mom_pct,-0.2,Sales value growth,Month-on-month
2015-06-01,2015,6,June,2015Q2,2015-06,Pre-pandemic (1997–2019),1,Strong growth (3% or more),value_mom_pct,0.3,Sales value growth,Month-on-month
2015-07-01,2015,7,July,2015Q3,2015-07,Pre-pandemic (1997–2019),1,Strong growth (3% or more),value_mom_pct,-0.1,Sales value growth,Month-on-month
2015-08-01,2015,8,August,2015Q3,2015-08,Pre-pandemic (1997–2019),1,Moderate growth (below 3%),value_mom_pct,-1.0,Sales value growth,Month-on-month
2015-09-01,2015,9,September,2015Q3,2015-09,Pre-pandemic (1997–2019),1,Strong growth (3% or more),value_mom_pct,1.7,Sales value growth,Month-on-month
2015-10-01,2015,10,October,2015Q4,2015-10,Pre-pandemic (1997–2019),1,Strong growth (3% or more),value_mom_pct,-1.2,Sales value growth,Month-on-month
2015-11-01,2015,11,November,2015Q4,2015-11,Pre-pandemic (1997–2019),1,Strong growth (3% or more),value_mom_pct,0.4,Sales value growth,Month-on-month
2015-12-01,2015,12,December,2015Q4,2015-12,Pre-pandemic (1997–2019),1,Moderate growth (below 3%),value_mom_pct,-0.1,Sales value growth,Month-on-month
2016-01-01,2016,1,January,2016Q1,2016-01,Pre-pandemic (1997–2019),1,Strong growth (3% or more),value_mom_pct,2.3,Sales value growth,Month-on-month
2016-02-01,2016,2,February,2016Q1,2016-02,Pre-pandemic (1997–2019),1,Strong growth (3% or more),value_mom_pct,-1.6,Sales value growth,Month-on-month
2016-03-01,2016,3,March,2016Q1,2016-03,Pre-pandemic (1997–2019),1,Strong growth (3% or more),value_mom_pct,0.1,Sales value growth,Month-on-month
2016-04-01,2016,4,April,2016Q2,2016-04,Pre-pandemic (1997–2019),1,Strong growth (3% or more),value_mom_pct,0.7,Sales value growth,Month-on-month
2016-05-01,2016,5,May,2016Q2,2016-05,Pre-pandemic (1997–2019),1,Strong growth (3% or more),value_mom_pct,1.0,Sales value growth,Month-on-month
2016-06-01,2016,6,June,2016Q2,2016-06,Pre-pandemic (1997–2019),1,Strong growth (3% or more),value_mom_pct,-0.7,Sales value growth,Month-on-month
2016-07-01,2016,7,July,2016Q3,2016-07,Pre-pandemic (1997–2019),1,Strong growth (3% or more),value_mom_pct,2.1,Sales value growth,Month-on-month
2016-08-01,2016,8,August,2016Q3,2016-08,Pre-pandemic (1997–2019),1,Strong growth (3% or more),value_mom_pct,-0.4,Sales value growth,Month-on-month
2016-09-01,2016,9,September,2016Q3,2016-09,Pre-pandemic (1997–2019),1,Strong growth (3% or more),value_mom_pct,0.8,Sales value growth,Month-on-month
2016-10-01,2016,10,October,2016Q4,2016-10,Pre-pandemic (1997–2019),1,Strong growth (3% or more),value_mom_pct,2.0,Sales value growth,Month-on-month
2016-11-01,2016,11,November,2016Q4,2016-11,Pre-pandemic (1997–2019),1,Strong growth (3% or more),value_mom_pct,-0.3,Sales value growth,Month-on-month
2016-12-01,2016,12,December,2016Q4,2016-12,Pre-pandemic (1997–2019),1,Strong growth (3% or more),value_mom_pct,0.3,Sales value growth,Month-on-month
2017-01-01,2017,1,January,2017Q1,2017-01,Pre-pandemic (1997–2019),1,Moderate growth (below 3%),value_mom_pct,-0.8,Sales value growth,Month-on-month
2017-02-01,2017,2,February,2017Q1,2017-02,Pre-pandemic (1997–2019),1,Moderate growth (below 3%),value_mom_pct,0.9,Sales value growth,Month-on-month
2017-03-01,2017,3,March,2017Q1,2017-03,Pre-pandemic (1997–2019),1,Moderate growth (below 3%),value_mom_pct,-0.1,Sales value growth,Month-on-month
2017-04-01,2017,4,April,2017Q2,2017-04,Pre-pandemic (1997–2019),1,Strong growth (3% or more),value_mom_pct,1.8,Sales value growth,Month-on-month
2017-05-01,2017,5,May,2017Q2,2017-05,Pre-pandemic (1997–2019),1,Moderate growth (below 3%),value_mom_pct,-1.7,Sales value growth,Month-on-month
2017-06-01,2017,6,June,2017Q2,2017-06,Pre-pandemic (1997–2019),1,Moderate growth (below 3%),value_mom_pct,0.8,Sales value growth,Month-on-month
2017-07-01,2017,7,July,2017Q3,2017-07,Pre-pandemic (1997–2019),1,Moderate growth (below 3%),value_mom_pct,0.1,Sales value growth,Month-on-month
2017-08-01,2017,8,August,2017Q3,2017-08,Pre-pandemic (1997–2019),1,Moderate growth (below 3%),value_mom_pct,1.4,Sales value growth,Month-on-month
2017-09-01,2017,9,September,2017Q3,2017-09,Pre-pandemic (1997–2019),1,Moderate growth (below 3%),value_mom_pct,0.4,Sales value growth,Month-on-month
2017-10-01,2017,10,October,2017Q4,2017-10,Pre-pandemic (1997–2019),1,Contraction,value_mom_pct,0.4,Sales value growth,Month-on-month
2017-11-01,2017,11,November,2017Q4,2017-11,Pre-pandemic (1997–2019),1,Moderate growth (below 3%),value_mom_pct,0.6,Sales value growth,Month-on-month
2017-12-01,2017,12,December,2017Q4,2017-12,Pre-pandemic (1997–2019),1,Moderate growth (below 3%),value_mom_pct,0.7,Sales value growth,Month-on-month
2018-01-01,2018,1,January,2018Q1,2018-01,Pre-pandemic (1997–2019),1,Moderate growth (below 3%),value_mom_pct,-0.7,Sales value growth,Month-on-month
2018-02-01,2018,2,February,2018Q1,2018-02,Pre-pandemic (1997–2019),1,Moderate growth (below 3%),value_mom_pct,0.6,Sales value growth,Month-on-month
2018-03-01,2018,3,March,2018Q1,2018-03,Pre-pandemic (1997–2019),1,Moderate growth (below 3%),value_mom_pct,-1.7,Sales value growth,Month-on-month
2018-04-01,2018,4,April,2018Q2,2018-04,Pre-pandemic (1997–2019),1,Moderate growth (below 3%),value_mom_pct,2.0,Sales value growth,Month-on-month
2018-05-01,2018,5,May,2018Q2,2018-05,Pre-pandemic (1997–2019),1,Strong growth (3% or more),value_mom_pct,1.8,Sales value growth,Month-on-month
2018-06-01,2018,6,June,2018Q2,2018-06,Pre-pandemic (1997–2019),1,Moderate growth (below 3%),value_mom_pct,-0.5,Sales value growth,Month-on-month
2018-07-01,2018,7,July,2018Q3,2018-07,Pre-pandemic (1997–2019),1,Strong growth (3% or more),value_mom_pct,0.9,Sales value growth,Month-on-month
2018-08-01,2018,8,August,2018Q3,2018-08,Pre-pandemic (1997–2019),1,Moderate growth (below 3%),value_mom_pct,0.7,Sales value growth,Month-on-month
2018-09-01,2018,9,September,2018Q3,2018-09,Pre-pandemic (1997–2019),1,Moderate growth (below 3%),value_mom_pct,-0.2,Sales value growth,Month-on-month
2018-10-01,2018,10,October,2018Q4,2018-10,Pre-pandemic (1997–2019),1,Moderate growth (below 3%),value_mom_pct,-0.6,Sales value growth,Month-on-month
2018-11-01,2018,11,November,2018Q4,2018-11,Pre-pandemic (1997–2019),1,Moderate growth (below 3%),value_mom_pct,1.4,Sales value growth,Month-on-month
2018-12-01,2018,12,December,2018Q4,2018-12,Pre-pandemic (1997–2019),1,Moderate growth (below 3%),value_mom_pct,-0.1,Sales value growth,Month-on-month
2019-01-01,2019,1,January,2019Q1,2019-01,Pre-pandemic (1997–2019),1,Strong growth (3% or more),value_mom_pct,-0.1,Sales value growth,Month-on-month
2019-02-01,2019,2,February,2019Q1,2019-02,Pre-pandemic (1997–2019),1,Strong growth (3% or more),value_mom_pct,0.6,Sales value growth,Month-on-month
2019-03-01,2019,3,March,2019Q1,2019-03,Pre-pandemic (1997–2019),1,Strong growth (3% or more),value_mom_pct,0.9,Sales value growth,Month-on-month
2019-04-01,2019,4,April,2019Q2,2019-04,Pre-pandemic (1997–2019),1,Strong growth (3% or more),value_mom_pct,-0.1,Sales value growth,Month-on-month
2019-05-01,2019,5,May,2019Q2,2019-05,Pre-pandemic (1997–2019),1,Moderate growth (below 3%),value_mom_pct,-0.6,Sales value growth,Month-on-month
2019-06-01,2019,6,June,2019Q2,2019-06,Pre-pandemic (1997–2019),1,Strong growth (3% or more),value_mom_pct,1.2,Sales value growth,Month-on-month
2019-07-01,2019,7,July,2019Q3,2019-07,Pre-pandemic (1997–2019),1,Strong growth (3% or more),value_mom_pct,1.2,Sales value growth,Month-on-month
2019-08-01,2019,8,August,2019Q3,2019-08,Pre-pandemic (1997–2019),1,Moderate growth (below 3%),value_mom_pct,-0.5,Sales value growth,Month-on-month
2019-09-01,2019,9,September,2019Q3,2019-09,Pre-pandemic (1997–2019),1,Moderate growth (below 3%),value_mom_pct,-0.1,Sales value growth,Month-on-month
2019-10-01,2019,10,October,2019Q4,2019-10,Pre-pandemic (1997–2019),1,Moderate growth (below 3%),value_mom_pct,-0.7,Sales value growth,Month-on-month
2019-11-01,2019,11,November,2019Q4,2019-11,Pre-pandemic (1997–2019),1,Moderate growth (below 3%),value_mom_pct,-0.3,Sales value growth,Month-on-month
2019-12-01,2019,12,December,2019Q4,2019-12,Pre-pandemic (1997–2019),1,Moderate growth (below 3%),value_mom_pct,1.2,Sales value growth,Month-on-month
2020-01-01,2020,1,January,2020Q1,2020-01,COVID-19 disruption (2020–2021),2,Moderate growth (below 3%),value_mom_pct,0.2,Sales value growth,Month-on-month
2020-02-01,2020,2,February,2020Q1,2020-02,COVID-19 disruption (2020–2021),2,Moderate growth (below 3%),value_mom_pct,-1.0,Sales value growth,Month-on-month
2020-03-01,2020,3,March,2020Q1,2020-03,COVID-19 disruption (2020–2021),2,Contraction,value_mom_pct,-7.0,Sales value growth,Month-on-month
2020-04-01,2020,4,April,2020Q2,2020-04,COVID-19 disruption (2020–2021),2,Contraction,value_mom_pct,-18.9,Sales value growth,Month-on-month
2020-05-01,2020,5,May,2020Q2,2020-05,COVID-19 disruption (2020–2021),2,Contraction,value_mom_pct,13.2,Sales value growth,Month-on-month
2020-06-01,2020,6,June,2020Q2,2020-06,COVID-19 disruption (2020–2021),2,Contraction,value_mom_pct,12.6,Sales value growth,Month-on-month
2020-07-01,2020,7,July,2020Q3,2020-07,COVID-19 disruption (2020–2021),2,Moderate growth (below 3%),value_mom_pct,5.6,Sales value growth,Month-on-month
2020-08-01,2020,8,August,2020Q3,2020-08,COVID-19 disruption (2020–2021),2,Strong growth (3% or more),value_mom_pct,1.4,Sales value growth,Month-on-month
2020-09-01,2020,9,September,2020Q3,2020-09,COVID-19 disruption (2020–2021),2,Strong growth (3% or more),value_mom_pct,1.3,Sales value growth,Month-on-month
2020-10-01,2020,10,October,2020Q4,2020-10,COVID-19 disruption (2020–2021),2,Strong growth (3% or more),value_mom_pct,1.2,Sales value growth,Month-on-month
2020-11-01,2020,11,November,2020Q4,2020-11,COVID-19 disruption (2020–2021),2,Moderate growth (below 3%),value_mom_pct,-5.0,Sales value growth,Month-on-month
2020-12-01,2020,12,December,2020Q4,2020-12,COVID-19 disruption (2020–2021),2,Moderate growth (below 3%),value_mom_pct,1.7,Sales value growth,Month-on-month
2021-01-01,2021,1,January,2021Q1,2021-01,COVID-19 disruption (2020–2021),2,Contraction,value_mom_pct,-6.9,Sales value growth,Month-on-month
2021-02-01,2021,2,February,2021Q1,2021-02,COVID-19 disruption (2020–2021),2,Contraction,value_mom_pct,0.9,Sales value growth,Month-on-month
2021-03-01,2021,3,March,2021Q1,2021-03,COVID-19 disruption (2020–2021),2,Strong growth (3% or more),value_mom_pct,4.0,Sales value growth,Month-on-month
2021-04-01,2021,4,April,2021Q2,2021-04,COVID-19 disruption (2020–2021),2,Strong growth (3% or more),value_mom_pct,8.8,Sales value growth,Month-on-month
2021-05-01,2021,5,May,2021Q2,2021-05,COVID-19 disruption (2020–2021),2,Strong growth (3% or more),value_mom_pct,-1.3,Sales value growth,Month-on-month
2021-06-01,2021,6,June,2021Q2,2021-06,COVID-19 disruption (2020–2021),2,Strong growth (3% or more),value_mom_pct,1.6,Sales value growth,Month-on-month
2021-07-01,2021,7,July,2021Q3,2021-07,COVID-19 disruption (2020–2021),2,Moderate growth (below 3%),value_mom_pct,-1.8,Sales value growth,Month-on-month
2021-08-01,2021,8,August,2021Q3,2021-08,COVID-19 disruption (2020–2021),2,Moderate growth (below 3%),value_mom_pct,0.7,Sales value growth,Month-on-month
2021-09-01,2021,9,September,2021Q3,2021-09,COVID-19 disruption (2020–2021),2,Contraction,value_mom_pct,0.3,Sales value growth,Month-on-month
2021-10-01,2021,10,October,2021Q4,2021-10,COVID-19 disruption (2020–2021),2,Contraction,value_mom_pct,0.6,Sales value growth,Month-on-month
2021-11-01,2021,11,November,2021Q4,2021-11,COVID-19 disruption (2020–2021),2,Moderate growth (below 3%),value_mom_pct,1.2,Sales value growth,Month-on-month
2021-12-01,2021,12,December,2021Q4,2021-12,COVID-19 disruption (2020–2021),2,Moderate growth (below 3%),value_mom_pct,0.8,Sales value growth,Month-on-month
2022-01-01,2022,1,January,2022Q1,2022-01,Cost-of-living crisis (2022–2023),3,Strong growth (3% or more),value_mom_pct,-0.1,Sales value growth,Month-on-month
2022-02-01,2022,2,February,2022Q1,2022-02,Cost-of-living crisis (2022–2023),3,Strong growth (3% or more),value_mom_pct,-0.2,Sales value growth,Month-on-month
2022-03-01,2022,3,March,2022Q1,2022-03,Cost-of-living crisis (2022–2023),3,Moderate growth (below 3%),value_mom_pct,1.0,Sales value growth,Month-on-month
2022-04-01,2022,4,April,2022Q2,2022-04,Cost-of-living crisis (2022–2023),3,Contraction,value_mom_pct,0.0,Sales value growth,Month-on-month
2022-05-01,2022,5,May,2022Q2,2022-05,Cost-of-living crisis (2022–2023),3,Contraction,value_mom_pct,-0.2,Sales value growth,Month-on-month
2022-06-01,2022,6,June,2022Q2,2022-06,Cost-of-living crisis (2022–2023),3,Contraction,value_mom_pct,1.6,Sales value growth,Month-on-month
2022-07-01,2022,7,July,2022Q3,2022-07,Cost-of-living crisis (2022–2023),3,Contraction,value_mom_pct,1.6,Sales value growth,Month-on-month
2022-08-01,2022,8,August,2022Q3,2022-08,Cost-of-living crisis (2022–2023),3,Contraction,value_mom_pct,-2.0,Sales value growth,Month-on-month
2022-09-01,2022,9,September,2022Q3,2022-09,Cost-of-living crisis (2022–2023),3,Contraction,value_mom_pct,-0.6,Sales value growth,Month-on-month
2022-10-01,2022,10,October,2022Q4,2022-10,Cost-of-living crisis (2022–2023),3,Contraction,value_mom_pct,2.1,Sales value growth,Month-on-month
2022-11-01,2022,11,November,2022Q4,2022-11,Cost-of-living crisis (2022–2023),3,Contraction,value_mom_pct,-0.2,Sales value growth,Month-on-month
2022-12-01,2022,12,December,2022Q4,2022-12,Cost-of-living crisis (2022–2023),3,Contraction,value_mom_pct,-0.1,Sales value growth,Month-on-month
2023-01-01,2023,1,January,2023Q1,2023-01,Cost-of-living crisis (2022–2023),3,Contraction,value_mom_pct,0.5,Sales value growth,Month-on-month
2023-02-01,2023,2,February,2023Q1,2023-02,Cost-of-living crisis (2022–2023),3,Contraction,value_mom_pct,1.3,Sales value growth,Month-on-month
2023-03-01,2023,3,March,2023Q1,2023-03,Cost-of-living crisis (2022–2023),3,Contraction,value_mom_pct,-1.1,Sales value growth,Month-on-month
2023-04-01,2023,4,April,2023Q2,2023-04,Cost-of-living crisis (2022–2023),3,Contraction,value_mom_pct,1.9,Sales value growth,Month-on-month
2023-05-01,2023,5,May,2023Q2,2023-05,Cost-of-living crisis (2022–2023),3,Contraction,value_mom_pct,-0.7,Sales value growth,Month-on-month
2023-06-01,2023,6,June,2023Q2,2023-06,Cost-of-living crisis (2022–2023),3,Contraction,value_mom_pct,0.8,Sales value growth,Month-on-month
2023-07-01,2023,7,July,2023Q3,2023-07,Cost-of-living crisis (2022–2023),3,Contraction,value_mom_pct,-1.0,Sales value growth,Month-on-month
2023-08-01,2023,8,August,2023Q3,2023-08,Cost-of-living crisis (2022–2023),3,Contraction,value_mom_pct,0.7,Sales value growth,Month-on-month
2023-09-01,2023,9,September,2023Q3,2023-09,Cost-of-living crisis (2022–2023),3,Contraction,value_mom_pct,-0.5,Sales value growth,Month-on-month
2023-10-01,2023,10,October,2023Q4,2023-10,Cost-of-living crisis (2022–2023),3,Contraction,value_mom_pct,0.8,Sales value growth,Month-on-month
2023-11-01,2023,11,November,2023Q4,2023-11,Cost-of-living crisis (2022–2023),3,Moderate growth (below 3%),value_mom_pct,1.2,Sales value growth,Month-on-month
2023-12-01,2023,12,December,2023Q4,2023-12,Cost-of-living crisis (2022–2023),3,Contraction,value_mom_pct,-3.9,Sales value growth,Month-on-month
2024-01-01,2024,1,January,2024Q1,2024-01,Recent period (2024–2026),4,Contraction,value_mom_pct,3.3,Sales value growth,Month-on-month
2024-02-01,2024,2,February,2024Q1,2024-02,Recent period (2024–2026),4,Contraction,value_mom_pct,0.3,Sales value growth,Month-on-month
2024-03-01,2024,3,March,2024Q1,2024-03,Recent period (2024–2026),4,Contraction,value_mom_pct,-0.7,Sales value growth,Month-on-month
2024-04-01,2024,4,April,2024Q2,2024-04,Recent period (2024–2026),4,Contraction,value_mom_pct,-1.0,Sales value growth,Month-on-month
2024-05-01,2024,5,May,2024Q2,2024-05,Recent period (2024–2026),4,Moderate growth (below 3%),value_mom_pct,2.4,Sales value growth,Month-on-month
2024-06-01,2024,6,June,2024Q2,2024-06,Recent period (2024–2026),4,Contraction,value_mom_pct,-1.7,Sales value growth,Month-on-month
2024-07-01,2024,7,July,2024Q3,2024-07,Recent period (2024–2026),4,Moderate growth (below 3%),value_mom_pct,1.1,Sales value growth,Month-on-month
2024-08-01,2024,8,August,2024Q3,2024-08,Recent period (2024–2026),4,Moderate growth (below 3%),value_mom_pct,0.0,Sales value growth,Month-on-month
2024-09-01,2024,9,September,2024Q3,2024-09,Recent period (2024–2026),4,Moderate growth (below 3%),value_mom_pct,-0.3,Sales value growth,Month-on-month
2024-10-01,2024,10,October,2024Q4,2024-10,Recent period (2024–2026),4,Moderate growth (below 3%),value_mom_pct,-0.7,Sales value growth,Month-on-month
2024-11-01,2024,11,November,2024Q4,2024-11,Recent period (2024–2026),4,Contraction,value_mom_pct,0.3,Sales value growth,Month-on-month
2024-12-01,2024,12,December,2024Q4,2024-12,Recent period (2024–2026),4,Strong growth (3% or more),value_mom_pct,0.6,Sales value growth,Month-on-month
2025-01-01,2025,1,January,2025Q1,2025-01,Recent period (2024–2026),4,Contraction,value_mom_pct,-0.3,Sales value growth,Month-on-month
2025-02-01,2025,2,February,2025Q1,2025-02,Recent period (2024–2026),4,Moderate growth (below 3%),value_mom_pct,2.1,Sales value growth,Month-on-month
2025-03-01,2025,3,March,2025Q1,2025-03,Recent period (2024–2026),4,Moderate growth (below 3%),value_mom_pct,0.3,Sales value growth,Month-on-month
2025-04-01,2025,4,April,2025Q2,2025-04,Recent period (2024–2026),4,Strong growth (3% or more),value_mom_pct,-0.4,Sales value growth,Month-on-month
2025-05-01,2025,5,May,2025Q2,2025-05,Recent period (2024–2026),4,Contraction,value_mom_pct,-1.7,Sales value growth,Month-on-month
2025-06-01,2025,6,June,2025Q2,2025-06,Recent period (2024–2026),4,Moderate growth (below 3%),value_mom_pct,0.9,Sales value growth,Month-on-month
2025-07-01,2025,7,July,2025Q3,2025-07,Recent period (2024–2026),4,Moderate growth (below 3%),value_mom_pct,2.0,Sales value growth,Month-on-month
2025-08-01,2025,8,August,2025Q3,2025-08,Recent period (2024–2026),4,Moderate growth (below 3%),value_mom_pct,-0.7,Sales value growth,Month-on-month
2025-09-01,2025,9,September,2025Q3,2025-09,Recent period (2024–2026),4,Moderate growth (below 3%),value_mom_pct,1.2,Sales value growth,Month-on-month
2025-10-01,2025,10,October,2025Q4,2025-10,Recent period (2024–2026),4,Moderate growth (below 3%),value_mom_pct,-0.5,Sales value growth,Month-on-month
2025-11-01,2025,11,November,2025Q4,2025-11,Recent period (2024–2026),4,Moderate growth (below 3%),value_mom_pct,-0.2,Sales value growth,Month-on-month
2025-12-01,2025,12,December,2025Q4,2025-12,Recent period (2024–2026),4,Moderate growth (below 3%),value_mom_pct,0.3,Sales value growth,Month-on-month
2026-01-01,2026,1,January,2026Q1,2026-01,Recent period (2024–2026),4,Strong growth (3% or more),value_mom_pct,2.0,Sales value growth,Month-on-month
2026-02-01,2026,2,February,2026Q1,2026-02,Recent period (2024–2026),4,Moderate growth (below 3%),value_mom_pct,-0.7,Sales value growth,Month-on-month
2026-03-01,2026,3,March,2026Q1,2026-03,Recent period (2024–2026),4,Moderate growth (below 3%),value_mom_pct,1.4,Sales value growth,Month-on-month
2026-04-01,2026,4,April,2026Q2,2026-04,Recent period (2024–2026),4,No change,value_mom_pct,0.6,Sales value growth,Month-on-month
2026-05-01,2026,5,May,2026Q2,2026-05,Recent period (2024–2026),4,Strong growth (3% or more),value_mom_pct,0.8,Sales value growth,Month-on-month
2026-06-01,2026,6,June,2026Q2,2026-06,Recent period (2024–2026),4,Strong growth (3% or more),value_mom_pct,0.4,Sales value growth,Month-on-month
2026-07-01,2026,7,July,2026Q3,2026-07,Recent period (2024–2026),4,Moderate growth (below 3%),value_mom_pct,-0.6,Sales value growth,Month-on-month
2026-08-01,2026,8,August,2026Q3,2026-08,Recent period (2024–2026),4,Moderate growth (below 3%),value_mom_pct,1.3,Sales value growth,Month-on-month
1997-01-01,1997,1,January,1997Q1,1997-01,Pre-pandemic (1997–2019),1,Strong growth (3% or more),volume_yoy_pct,4.5,Sales volume growth,Year-on-year
1997-02-01,1997,2,February,1997Q1,1997-02,Pre-pandemic (1997–2019),1,Strong growth (3% or more),volume_yoy_pct,3.1,Sales volume growth,Year-on-year
1997-03-01,1997,3,March,1997Q1,1997-03,Pre-pandemic (1997–2019),1,Strong growth (3% or more),volume_yoy_pct,3.7,Sales volume growth,Year-on-year
1997-04-01,1997,4,April,1997Q2,1997-04,Pre-pandemic (1997–2019),1,Strong growth (3% or more),volume_yoy_pct,3.0,Sales volume growth,Year-on-year
1997-05-01,1997,5,May,1997Q2,1997-05,Pre-pandemic (1997–2019),1,Strong growth (3% or more),volume_yoy_pct,3.2,Sales volume growth,Year-on-year
1997-06-01,1997,6,June,1997Q2,1997-06,Pre-pandemic (1997–2019),1,Strong growth (3% or more),volume_yoy_pct,3.6,Sales volume growth,Year-on-year
1997-07-01,1997,7,July,1997Q3,1997-07,Pre-pandemic (1997–2019),1,Strong growth (3% or more),volume_yoy_pct,4.0,Sales volume growth,Year-on-year
1997-08-01,1997,8,August,1997Q3,1997-08,Pre-pandemic (1997–2019),1,Strong growth (3% or more),volume_yoy_pct,3.0,Sales volume growth,Year-on-year
1997-09-01,1997,9,September,1997Q3,1997-09,Pre-pandemic (1997–2019),1,Moderate growth (below 3%),volume_yoy_pct,1.6,Sales volume growth,Year-on-year
1997-10-01,1997,10,October,1997Q4,1997-10,Pre-pandemic (1997–2019),1,Strong growth (3% or more),volume_yoy_pct,3.7,Sales volume growth,Year-on-year
1997-11-01,1997,11,November,1997Q4,1997-11,Pre-pandemic (1997–2019),1,Strong growth (3% or more),volume_yoy_pct,3.1,Sales volume growth,Year-on-year
1997-12-01,1997,12,December,1997Q4,1997-12,Pre-pandemic (1997–2019),1,Strong growth (3% or more),volume_yoy_pct,6.3,Sales volume growth,Year-on-year
1998-01-01,1998,1,January,1998Q1,1998-01,Pre-pandemic (1997–2019),1,Strong growth (3% or more),volume_yoy_pct,4.9,Sales volume growth,Year-on-year
1998-02-01,1998,2,February,1998Q1,1998-02,Pre-pandemic (1997–2019),1,Strong growth (3% or more),volume_yoy_pct,3.8,Sales volume growth,Year-on-year
1998-03-01,1998,3,March,1998Q1,1998-03,Pre-pandemic (1997–2019),1,Moderate growth (below 3%),volume_yoy_pct,2.3,Sales volume growth,Year-on-year
1998-04-01,1998,4,April,1998Q2,1998-04,Pre-pandemic (1997–2019),1,Moderate growth (below 3%),volume_yoy_pct,1.7,Sales volume growth,Year-on-year
1998-05-01,1998,5,May,1998Q2,1998-05,Pre-pandemic (1997–2019),1,Strong growth (3% or more),volume_yoy_pct,3.0,Sales volume growth,Year-on-year
1998-06-01,1998,6,June,1998Q2,1998-06,Pre-pandemic (1997–2019),1,Moderate growth (below 3%),volume_yoy_pct,0.4,Sales volume growth,Year-on-year
1998-07-01,1998,7,July,1998Q3,1998-07,Pre-pandemic (1997–2019),1,Moderate growth (below 3%),volume_yoy_pct,1.3,Sales volume growth,Year-on-year
1998-08-01,1998,8,August,1998Q3,1998-08,Pre-pandemic (1997–2019),1,Strong growth (3% or more),volume_yoy_pct,3.3,Sales volume growth,Year-on-year
1998-09-01,1998,9,September,1998Q3,1998-09,Pre-pandemic (1997–2019),1,Moderate growth (below 3%),volume_yoy_pct,2.6,Sales volume growth,Year-on-year
1998-10-01,1998,10,October,1998Q4,1998-10,Pre-pandemic (1997–2019),1,Moderate growth (below 3%),volume_yoy_pct,0.4,Sales volume growth,Year-on-year
1998-11-01,1998,11,November,1998Q4,1998-11,Pre-pandemic (1997–2019),1,Moderate growth (below 3%),volume_yoy_pct,0.7,Sales volume growth,Year-on-year
1998-12-01,1998,12,December,1998Q4,1998-12,Pre-pandemic (1997–2019),1,Contraction,volume_yoy_pct,-1.1,Sales volume growth,Year-on-year
1999-01-01,1999,1,January,1999Q1,1999-01,Pre-pandemic (1997–2019),1,Moderate growth (below 3%),volume_yoy_pct,0.7,Sales volume growth,Year-on-year
1999-02-01,1999,2,February,1999Q1,1999-02,Pre-pandemic (1997–2019),1,Moderate growth (below 3%),volume_yoy_pct,0.5,Sales volume growth,Year-on-year
1999-03-01,1999,3,March,1999Q1,1999-03,Pre-pandemic (1997–2019),1,Moderate growth (below 3%),volume_yoy_pct,0.5,Sales volume growth,Year-on-year
1999-04-01,1999,4,April,1999Q2,1999-04,Pre-pandemic (1997–2019),1,Moderate growth (below 3%),volume_yoy_pct,1.2,Sales volume growth,Year-on-year
1999-05-01,1999,5,May,1999Q2,1999-05,Pre-pandemic (1997–2019),1,Moderate growth (below 3%),volume_yoy_pct,1.6,Sales volume growth,Year-on-year
1999-06-01,1999,6,June,1999Q2,1999-06,Pre-pandemic (1997–2019),1,Strong growth (3% or more),volume_yoy_pct,3.1,Sales volume growth,Year-on-year
1999-07-01,1999,7,July,1999Q3,1999-07,Pre-pandemic (1997–2019),1,Moderate growth (below 3%),volume_yoy_pct,2.0,Sales volume growth,Year-on-year
1999-08-01,1999,8,August,1999Q3,1999-08,Pre-pandemic (1997–2019),1,Moderate growth (below 3%),volume_yoy_pct,1.8,Sales volume growth,Year-on-year
1999-09-01,1999,9,September,1999Q3,1999-09,Pre-pandemic (1997–2019),1,Moderate growth (below 3%),volume_yoy_pct,2.0,Sales volume growth,Year-on-year
1999-10-01,1999,10,October,1999Q4,1999-10,Pre-pandemic (1997–2019),1,Strong growth (3% or more),volume_yoy_pct,3.4,Sales volume growth,Year-on-year
1999-11-01,1999,11,November,1999Q4,1999-11,Pre-pandemic (1997–2019),1,Strong growth (3% or more),volume_yoy_pct,3.6,Sales volume growth,Year-on-year
1999-12-01,1999,12,December,1999Q4,1999-12,Pre-pandemic (1997–2019),1,Strong growth (3% or more),volume_yoy_pct,5.8,Sales volume growth,Year-on-year
2000-01-01,2000,1,January,2000Q1,2000-01,Pre-pandemic (1997–2019),1,Strong growth (3% or more),volume_yoy_pct,5.9,Sales volume growth,Year-on-year
2000-02-01,2000,2,February,2000Q1,2000-02,Pre-pandemic (1997–2019),1,Strong growth (3% or more),volume_yoy_pct,4.4,Sales volume growth,Year-on-year
2000-03-01,2000,3,March,2000Q1,2000-03,Pre-pandemic (1997–2019),1,Strong growth (3% or more),volume_yoy_pct,5.1,Sales volume growth,Year-on-year
2000-04-01,2000,4,April,2000Q2,2000-04,Pre-pandemic (1997–2019),1,Strong growth (3% or more),volume_yoy_pct,6.3,Sales volume growth,Year-on-year
2000-05-01,2000,5,May,2000Q2,2000-05,Pre-pandemic (1997–2019),1,Strong growth (3% or more),volume_yoy_pct,3.8,Sales volume growth,Year-on-year
2000-06-01,2000,6,June,2000Q2,2000-06,Pre-pandemic (1997–2019),1,Strong growth (3% or more),volume_yoy_pct,3.2,Sales volume growth,Year-on-year
2000-07-01,2000,7,July,2000Q3,2000-07,Pre-pandemic (1997–2019),1,Strong growth (3% or more),volume_yoy_pct,3.0,Sales volume growth,Year-on-year
2000-08-01,2000,8,August,2000Q3,2000-08,Pre-pandemic (1997–2019),1,Strong growth (3% or more),volume_yoy_pct,4.1,Sales volume growth,Year-on-year
2000-09-01,2000,9,September,2000Q3,2000-09,Pre-pandemic (1997–2019),1,Strong growth (3% or more),volume_yoy_pct,4.3,Sales volume growth,Year-on-year
2000-10-01,2000,10,October,2000Q4,2000-10,Pre-pandemic (1997–2019),1,Strong growth (3% or more),volume_yoy_pct,4.0,Sales volume growth,Year-on-year
2000-11-01,2000,11,November,2000Q4,2000-11,Pre-pandemic (1997–2019),1,Strong growth (3% or more),volume_yoy_pct,3.5,Sales volume growth,Year-on-year
2000-12-01,2000,12,December,2000Q4,2000-12,Pre-pandemic (1997–2019),1,Strong growth (3% or more),volume_yoy_pct,3.5,Sales volume growth,Year-on-year
2001-01-01,2001,1,January,2001Q1,2001-01,Pre-pandemic (1997–2019),1,Moderate growth (below 3%),volume_yoy_pct,2.4,Sales volume growth,Year-on-year
2001-02-01,2001,2,February,2001Q1,2001-02,Pre-pandemic (1997–2019),1,Strong growth (3% or more),volume_yoy_pct,7.7,Sales volume growth,Year-on-year
2001-03-01,2001,3,March,2001Q1,2001-03,Pre-pandemic (1997–2019),1,Strong growth (3% or more),volume_yoy_pct,7.5,Sales volume growth,Year-on-year
2001-04-01,2001,4,April,2001Q2,2001-04,Pre-pandemic (1997–2019),1,Strong growth (3% or more),volume_yoy_pct,6.1,Sales volume growth,Year-on-year
2001-05-01,2001,5,May,2001Q2,2001-05,Pre-pandemic (1997–2019),1,Strong growth (3% or more),volume_yoy_pct,9.5,Sales volume growth,Year-on-year
2001-06-01,2001,6,June,2001Q2,2001-06,Pre-pandemic (1997–2019),1,Strong growth (3% or more),volume_yoy_pct,9.1,Sales volume growth,Year-on-year
2001-07-01,2001,7,July,2001Q3,2001-07,Pre-pandemic (1997–2019),1,Strong growth (3% or more),volume_yoy_pct,10.2,Sales volume growth,Year-on-year
2001-08-01,2001,8,August,2001Q3,2001-08,Pre-pandemic (1997–2019),1,Strong growth (3% or more),volume_yoy_pct,8.5,Sales volume growth,Year-on-year
2001-09-01,2001,9,September,2001Q3,2001-09,Pre-pandemic (1997–2019),1,Strong growth (3% or more),volume_yoy_pct,9.3,Sales volume growth,Year-on-year
2001-10-01,2001,10,October,2001Q4,2001-10,Pre-pandemic (1997–2019),1,Strong growth (3% or more),volume_yoy_pct,9.4,Sales volume growth,Year-on-year
2001-11-01,2001,11,November,2001Q4,2001-11,Pre-pandemic (1997–2019),1,Strong growth (3% or more),volume_yoy_pct,10.6,Sales volume growth,Year-on-year
2001-12-01,2001,12,December,2001Q4,2001-12,Pre-pandemic (1997–2019),1,Strong growth (3% or more),volume_yoy_pct,11.5,Sales volume growth,Year-on-year
2002-01-01,2002,1,January,2002Q1,2002-01,Pre-pandemic (1997–2019),1,Strong growth (3% or more),volume_yoy_pct,9.3,Sales volume growth,Year-on-year
2002-02-01,2002,2,February,2002Q1,2002-02,Pre-pandemic (1997–2019),1,Strong growth (3% or more),volume_yoy_pct,7.6,Sales volume growth,Year-on-year
2002-03-01,2002,3,March,2002Q1,2002-03,Pre-pandemic (1997–2019),1,Strong growth (3% or more),volume_yoy_pct,7.3,Sales volume growth,Year-on-year
2002-04-01,2002,4,April,2002Q2,2002-04,Pre-pandemic (1997–2019),1,Strong growth (3% or more),volume_yoy_pct,8.6,Sales volume growth,Year-on-year
2002-05-01,2002,5,May,2002Q2,2002-05,Pre-pandemic (1997–2019),1,Strong growth (3% or more),volume_yoy_pct,5.7,Sales volume growth,Year-on-year
2002-06-01,2002,6,June,2002Q2,2002-06,Pre-pandemic (1997–2019),1,Strong growth (3% or more),volume_yoy_pct,4.8,Sales volume growth,Year-on-year
2002-07-01,2002,7,July,2002Q3,2002-07,Pre-pandemic (1997–2019),1,Strong growth (3% or more),volume_yoy_pct,6.0,Sales volume growth,Year-on-year
2002-08-01,2002,8,August,2002Q3,2002-08,Pre-pandemic (1997–2019),1,Strong growth (3% or more),volume_yoy_pct,5.5,Sales volume growth,Year-on-year
2002-09-01,2002,9,September,2002Q3,2002-09,Pre-pandemic (1997–2019),1,Strong growth (3% or more),volume_yoy_pct,5.3,Sales volume growth,Year-on-year
2002-10-01,2002,10,October,2002Q4,2002-10,Pre-pandemic (1997–2019),1,Strong growth (3% or more),volume_yoy_pct,5.1,Sales volume growth,Year-on-year
2002-11-01,2002,11,November,2002Q4,2002-11,Pre-pandemic (1997–2019),1,Strong growth (3% or more),volume_yoy_pct,4.8,Sales volume growth,Year-on-year
2002-12-01,2002,12,December,2002Q4,2002-12,Pre-pandemic (1997–2019),1,Moderate growth (below 3%),volume_yoy_pct,1.4,Sales volume growth,Year-on-year
2003-01-01,2003,1,January,2003Q1,2003-01,Pre-pandemic (1997–2019),1,Moderate growth (below 3%),volume_yoy_pct,2.7,Sales volume growth,Year-on-year
2003-02-01,2003,2,February,2003Q1,2003-02,Pre-pandemic (1997–2019),1,Moderate growth (below 3%),volume_yoy_pct,1.3,Sales volume growth,Year-on-year
2003-03-01,2003,3,March,2003Q1,2003-03,Pre-pandemic (1997–2019),1,Moderate growth (below 3%),volume_yoy_pct,1.8,Sales volume growth,Year-on-year
2003-04-01,2003,4,April,2003Q2,2003-04,Pre-pandemic (1997–2019),1,Moderate growth (below 3%),volume_yoy_pct,0.2,Sales volume growth,Year-on-year
2003-05-01,2003,5,May,2003Q2,2003-05,Pre-pandemic (1997–2019),1,Moderate growth (below 3%),volume_yoy_pct,1.0,Sales volume growth,Year-on-year
2003-06-01,2003,6,June,2003Q2,2003-06,Pre-pandemic (1997–2019),1,Strong growth (3% or more),volume_yoy_pct,3.8,Sales volume growth,Year-on-year
2003-07-01,2003,7,July,2003Q3,2003-07,Pre-pandemic (1997–2019),1,Moderate growth (below 3%),volume_yoy_pct,2.5,Sales volume growth,Year-on-year
2003-08-01,2003,8,August,2003Q3,2003-08,Pre-pandemic (1997–2019),1,Moderate growth (below 3%),volume_yoy_pct,2.6,Sales volume growth,Year-on-year
2003-09-01,2003,9,September,2003Q3,2003-09,Pre-pandemic (1997–2019),1,Strong growth (3% or more),volume_yoy_pct,3.3,Sales volume growth,Year-on-year
2003-10-01,2003,10,October,2003Q4,2003-10,Pre-pandemic (1997–2019),1,Moderate growth (below 3%),volume_yoy_pct,2.9,Sales volume growth,Year-on-year
2003-11-01,2003,11,November,2003Q4,2003-11,Pre-pandemic (1997–2019),1,Moderate growth (below 3%),volume_yoy_pct,2.0,Sales volume growth,Year-on-year
2003-12-01,2003,12,December,2003Q4,2003-12,Pre-pandemic (1997–2019),1,Strong growth (3% or more),volume_yoy_pct,4.0,Sales volume growth,Year-on-year
2004-01-01,2004,1,January,2004Q1,2004-01,Pre-pandemic (1997–2019),1,Strong growth (3% or more),volume_yoy_pct,5.2,Sales volume growth,Year-on-year
2004-02-01,2004,2,February,2004Q1,2004-02,Pre-pandemic (1997–2019),1,Strong growth (3% or more),volume_yoy_pct,4.5,Sales volume growth,Year-on-year
2004-03-01,2004,3,March,2004Q1,2004-03,Pre-pandemic (1997–2019),1,Strong growth (3% or more),volume_yoy_pct,4.5,Sales volume growth,Year-on-year
2004-04-01,2004,4,April,2004Q2,2004-04,Pre-pandemic (1997–2019),1,Strong growth (3% or more),volume_yoy_pct,5.2,Sales volume growth,Year-on-year
2004-05-01,2004,5,May,2004Q2,2004-05,Pre-pandemic (1997–2019),1,Strong growth (3% or more),volume_yoy_pct,5.5,Sales volume growth,Year-on-year
2004-06-01,2004,6,June,2004Q2,2004-06,Pre-pandemic (1997–2019),1,Strong growth (3% or more),volume_yoy_pct,4.9,Sales volume growth,Year-on-year
2004-07-01,2004,7,July,2004Q3,2004-07,Pre-pandemic (1997–2019),1,Strong growth (3% or more),volume_yoy_pct,4.3,Sales volume growth,Year-on-year
2004-08-01,2004,8,August,2004Q3,2004-08,Pre-pandemic (1997–2019),1,Strong growth (3% or more),volume_yoy_pct,4.8,Sales volume growth,Year-on-year
2004-09-01,2004,9,September,2004Q3,2004-09,Pre-pandemic (1997–2019),1,Strong growth (3% or more),volume_yoy_pct,4.2,Sales volume growth,Year-on-year
2004-10-01,2004,10,October,2004Q4,2004-10,Pre-pandemic (1997–2019),1,Strong growth (3% or more),volume_yoy_pct,4.0,Sales volume growth,Year-on-year
2004-11-01,2004,11,November,2004Q4,2004-11,Pre-pandemic (1997–2019),1,Strong growth (3% or more),volume_yoy_pct,3.7,Sales volume growth,Year-on-year
2004-12-01,2004,12,December,2004Q4,2004-12,Pre-pandemic (1997–2019),1,Strong growth (3% or more),volume_yoy_pct,3.3,Sales volume growth,Year-on-year
2005-01-01,2005,1,January,2005Q1,2005-01,Pre-pandemic (1997–2019),1,Moderate growth (below 3%),volume_yoy_pct,1.7,Sales volume growth,Year-on-year
2005-02-01,2005,2,February,2005Q1,2005-02,Pre-pandemic (1997–2019),1,Moderate growth (below 3%),volume_yoy_pct,2.0,Sales volume growth,Year-on-year
2005-03-01,2005,3,March,2005Q1,2005-03,Pre-pandemic (1997–2019),1,Moderate growth (below 3%),volume_yoy_pct,0.8,Sales volume growth,Year-on-year
2005-04-01,2005,4,April,2005Q2,2005-04,Pre-pandemic (1997–2019),1,Moderate growth (below 3%),volume_yoy_pct,0.8,Sales volume growth,Year-on-year
2005-05-01,2005,5,May,2005Q2,2005-05,Pre-pandemic (1997–2019),1,Moderate growth (below 3%),volume_yoy_pct,0.3,Sales volume growth,Year-on-year
2005-06-01,2005,6,June,2005Q2,2005-06,Pre-pandemic (1997–2019),1,Moderate growth (below 3%),volume_yoy_pct,0.1,Sales volume growth,Year-on-year
2005-07-01,2005,7,July,2005Q3,2005-07,Pre-pandemic (1997–2019),1,Contraction,volume_yoy_pct,-0.1,Sales volume growth,Year-on-year
2005-08-01,2005,8,August,2005Q3,2005-08,Pre-pandemic (1997–2019),1,Contraction,volume_yoy_pct,-1.3,Sales volume growth,Year-on-year
2005-09-01,2005,9,September,2005Q3,2005-09,Pre-pandemic (1997–2019),1,Contraction,volume_yoy_pct,-1.4,Sales volume growth,Year-on-year
2005-10-01,2005,10,October,2005Q4,2005-10,Pre-pandemic (1997–2019),1,Contraction,volume_yoy_pct,-1.1,Sales volume growth,Year-on-year
2005-11-01,2005,11,November,2005Q4,2005-11,Pre-pandemic (1997–2019),1,Moderate growth (below 3%),volume_yoy_pct,0.3,Sales volume growth,Year-on-year
2005-12-01,2005,12,December,2005Q4,2005-12,Pre-pandemic (1997–2019),1,Moderate growth (below 3%),volume_yoy_pct,0.3,Sales volume growth,Year-on-year
2006-01-01,2006,1,January,2006Q1,2006-01,Pre-pandemic (1997–2019),1,Moderate growth (below 3%),volume_yoy_pct,1.1,Sales volume growth,Year-on-year
2006-02-01,2006,2,February,2006Q1,2006-02,Pre-pandemic (1997–2019),1,Moderate growth (below 3%),volume_yoy_pct,1.0,Sales volume growth,Year-on-year
2006-03-01,2006,3,March,2006Q1,2006-03,Pre-pandemic (1997–2019),1,Moderate growth (below 3%),volume_yoy_pct,2.8,Sales volume growth,Year-on-year
2006-04-01,2006,4,April,2006Q2,2006-04,Pre-pandemic (1997–2019),1,Moderate growth (below 3%),volume_yoy_pct,1.9,Sales volume growth,Year-on-year
2006-05-01,2006,5,May,2006Q2,2006-05,Pre-pandemic (1997–2019),1,Moderate growth (below 3%),volume_yoy_pct,2.8,Sales volume growth,Year-on-year
2006-06-01,2006,6,June,2006Q2,2006-06,Pre-pandemic (1997–2019),1,Moderate growth (below 3%),volume_yoy_pct,2.4,Sales volume growth,Year-on-year
2006-07-01,2006,7,July,2006Q3,2006-07,Pre-pandemic (1997–2019),1,Moderate growth (below 3%),volume_yoy_pct,2.5,Sales volume growth,Year-on-year
2006-08-01,2006,8,August,2006Q3,2006-08,Pre-pandemic (1997–2019),1,Strong growth (3% or more),volume_yoy_pct,3.3,Sales volume growth,Year-on-year
2006-09-01,2006,9,September,2006Q3,2006-09,Pre-pandemic (1997–2019),1,Moderate growth (below 3%),volume_yoy_pct,2.7,Sales volume growth,Year-on-year
2006-10-01,2006,10,October,2006Q4,2006-10,Pre-pandemic (1997–2019),1,Strong growth (3% or more),volume_yoy_pct,3.5,Sales volume growth,Year-on-year
2006-11-01,2006,11,November,2006Q4,2006-11,Pre-pandemic (1997–2019),1,Moderate growth (below 3%),volume_yoy_pct,2.7,Sales volume growth,Year-on-year
2006-12-01,2006,12,December,2006Q4,2006-12,Pre-pandemic (1997–2019),1,Strong growth (3% or more),volume_yoy_pct,3.7,Sales volume growth,Year-on-year
2007-01-01,2007,1,January,2007Q1,2007-01,Pre-pandemic (1997–2019),1,Moderate growth (below 3%),volume_yoy_pct,1.8,Sales volume growth,Year-on-year
2007-02-01,2007,2,February,2007Q1,2007-02,Pre-pandemic (1997–2019),1,Strong growth (3% or more),volume_yoy_pct,3.2,Sales volume growth,Year-on-year
2007-03-01,2007,3,March,2007Q1,2007-03,Pre-pandemic (1997–2019),1,Moderate growth (below 3%),volume_yoy_pct,2.9,Sales volume growth,Year-on-year
2007-04-01,2007,4,April,2007Q2,2007-04,Pre-pandemic (1997–2019),1,Strong growth (3% or more),volume_yoy_pct,3.8,Sales volume growth,Year-on-year
2007-05-01,2007,5,May,2007Q2,2007-05,Pre-pandemic (1997–2019),1,Moderate growth (below 3%),volume_yoy_pct,2.3,Sales volume growth,Year-on-year
2007-06-01,2007,6,June,2007Q2,2007-06,Pre-pandemic (1997–2019),1,Moderate growth (below 3%),volume_yoy_pct,2.0,Sales volume growth,Year-on-year
2007-07-01,2007,7,July,2007Q3,2007-07,Pre-pandemic (1997–2019),1,Moderate growth (below 3%),volume_yoy_pct,2.3,Sales volume growth,Year-on-year
2007-08-01,2007,8,August,2007Q3,2007-08,Pre-pandemic (1997–2019),1,Moderate growth (below 3%),volume_yoy_pct,2.9,Sales volume growth,Year-on-year
2007-09-01,2007,9,September,2007Q3,2007-09,Pre-pandemic (1997–2019),1,Strong growth (3% or more),volume_yoy_pct,3.3,Sales volume growth,Year-on-year
2007-10-01,2007,10,October,2007Q4,2007-10,Pre-pandemic (1997–2019),1,Moderate growth (below 3%),volume_yoy_pct,1.4,Sales volume growth,Year-on-year
2007-11-01,2007,11,November,2007Q4,2007-11,Pre-pandemic (1997–2019),1,Moderate growth (below 3%),volume_yoy_pct,1.4,Sales volume growth,Year-on-year
2007-12-01,2007,12,December,2007Q4,2007-12,Pre-pandemic (1997–2019),1,Moderate growth (below 3%),volume_yoy_pct,0.2,Sales volume growth,Year-on-year
2008-01-01,2008,1,January,2008Q1,2008-01,Pre-pandemic (1997–2019),1,Moderate growth (below 3%),volume_yoy_pct,1.8,Sales volume growth,Year-on-year
2008-02-01,2008,2,February,2008Q1,2008-02,Pre-pandemic (1997–2019),1,Moderate growth (below 3%),volume_yoy_pct,2.7,Sales volume growth,Year-on-year
2008-03-01,2008,3,March,2008Q1,2008-03,Pre-pandemic (1997–2019),1,Contraction,volume_yoy_pct,-0.5,Sales volume growth,Year-on-year
2008-04-01,2008,4,April,2008Q2,2008-04,Pre-pandemic (1997–2019),1,Contraction,volume_yoy_pct,-1.9,Sales volume growth,Year-on-year
2008-05-01,2008,5,May,2008Q2,2008-05,Pre-pandemic (1997–2019),1,Moderate growth (below 3%),volume_yoy_pct,1.9,Sales volume growth,Year-on-year
2008-06-01,2008,6,June,2008Q2,2008-06,Pre-pandemic (1997–2019),1,Contraction,volume_yoy_pct,-2.0,Sales volume growth,Year-on-year
2008-07-01,2008,7,July,2008Q3,2008-07,Pre-pandemic (1997–2019),1,Contraction,volume_yoy_pct,-1.6,Sales volume growth,Year-on-year
2008-08-01,2008,8,August,2008Q3,2008-08,Pre-pandemic (1997–2019),1,Contraction,volume_yoy_pct,-1.9,Sales volume growth,Year-on-year
2008-09-01,2008,9,September,2008Q3,2008-09,Pre-pandemic (1997–2019),1,Contraction,volume_yoy_pct,-2.2,Sales volume growth,Year-on-year
2008-10-01,2008,10,October,2008Q4,2008-10,Pre-pandemic (1997–2019),1,Contraction,volume_yoy_pct,-1.7,Sales volume growth,Year-on-year
2008-11-01,2008,11,November,2008Q4,2008-11,Pre-pandemic (1997–2019),1,Contraction,volume_yoy_pct,-1.6,Sales volume growth,Year-on-year
2008-12-01,2008,12,December,2008Q4,2008-12,Pre-pandemic (1997–2019),1,Contraction,volume_yoy_pct,-0.4,Sales volume growth,Year-on-year
2009-01-01,2009,1,January,2009Q1,2009-01,Pre-pandemic (1997–2019),1,Contraction,volume_yoy_pct,-0.3,Sales volume growth,Year-on-year
2009-02-01,2009,2,February,2009Q1,2009-02,Pre-pandemic (1997–2019),1,Contraction,volume_yoy_pct,-4.1,Sales volume growth,Year-on-year
2009-03-01,2009,3,March,2009Q1,2009-03,Pre-pandemic (1997–2019),1,Contraction,volume_yoy_pct,-1.2,Sales volume growth,Year-on-year
2009-04-01,2009,4,April,2009Q2,2009-04,Pre-pandemic (1997–2019),1,Contraction,volume_yoy_pct,-0.1,Sales volume growth,Year-on-year
2009-05-01,2009,5,May,2009Q2,2009-05,Pre-pandemic (1997–2019),1,Contraction,volume_yoy_pct,-2.9,Sales volume growth,Year-on-year
2009-06-01,2009,6,June,2009Q2,2009-06,Pre-pandemic (1997–2019),1,Moderate growth (below 3%),volume_yoy_pct,1.5,Sales volume growth,Year-on-year
2009-07-01,2009,7,July,2009Q3,2009-07,Pre-pandemic (1997–2019),1,Moderate growth (below 3%),volume_yoy_pct,1.4,Sales volume growth,Year-on-year
2009-08-01,2009,8,August,2009Q3,2009-08,Pre-pandemic (1997–2019),1,Moderate growth (below 3%),volume_yoy_pct,1.4,Sales volume growth,Year-on-year
2009-09-01,2009,9,September,2009Q3,2009-09,Pre-pandemic (1997–2019),1,Moderate growth (below 3%),volume_yoy_pct,1.2,Sales volume growth,Year-on-year
2009-10-01,2009,10,October,2009Q4,2009-10,Pre-pandemic (1997–2019),1,Moderate growth (below 3%),volume_yoy_pct,1.9,Sales volume growth,Year-on-year
2009-11-01,2009,11,November,2009Q4,2009-11,Pre-pandemic (1997–2019),1,Moderate growth (below 3%),volume_yoy_pct,0.9,Sales volume growth,Year-on-year
2009-12-01,2009,12,December,2009Q4,2009-12,Pre-pandemic (1997–2019),1,Contraction,volume_yoy_pct,-0.7,Sales volume growth,Year-on-year
2010-01-01,2010,1,January,2010Q1,2010-01,Pre-pandemic (1997–2019),1,Contraction,volume_yoy_pct,-4.2,Sales volume growth,Year-on-year
2010-02-01,2010,2,February,2010Q1,2010-02,Pre-pandemic (1997–2019),1,Moderate growth (below 3%),volume_yoy_pct,0.5,Sales volume growth,Year-on-year
2010-03-01,2010,3,March,2010Q1,2010-03,Pre-pandemic (1997–2019),1,Contraction,volume_yoy_pct,-0.8,Sales volume growth,Year-on-year
2010-04-01,2010,4,April,2010Q2,2010-04,Pre-pandemic (1997–2019),1,Contraction,volume_yoy_pct,-0.5,Sales volume growth,Year-on-year
2010-05-01,2010,5,May,2010Q2,2010-05,Pre-pandemic (1997–2019),1,Contraction,volume_yoy_pct,-0.4,Sales volume growth,Year-on-year
2010-06-01,2010,6,June,2010Q2,2010-06,Pre-pandemic (1997–2019),1,Contraction,volume_yoy_pct,-1.1,Sales volume growth,Year-on-year
2010-07-01,2010,7,July,2010Q3,2010-07,Pre-pandemic (1997–2019),1,Contraction,volume_yoy_pct,-1.2,Sales volume growth,Year-on-year
2010-08-01,2010,8,August,2010Q3,2010-08,Pre-pandemic (1997–2019),1,Contraction,volume_yoy_pct,-1.2,Sales volume growth,Year-on-year
2010-09-01,2010,9,September,2010Q3,2010-09,Pre-pandemic (1997–2019),1,Contraction,volume_yoy_pct,-2.2,Sales volume growth,Year-on-year
2010-10-01,2010,10,October,2010Q4,2010-10,Pre-pandemic (1997–2019),1,Contraction,volume_yoy_pct,-2.0,Sales volume growth,Year-on-year
2010-11-01,2010,11,November,2010Q4,2010-11,Pre-pandemic (1997–2019),1,Contraction,volume_yoy_pct,-1.5,Sales volume growth,Year-on-year
2010-12-01,2010,12,December,2010Q4,2010-12,Pre-pandemic (1997–2019),1,Contraction,volume_yoy_pct,-2.4,Sales volume growth,Year-on-year
2011-01-01,2011,1,January,2011Q1,2011-01,Pre-pandemic (1997–2019),1,Moderate growth (below 3%),volume_yoy_pct,2.5,Sales volume growth,Year-on-year
2011-02-01,2011,2,February,2011Q1,2011-02,Pre-pandemic (1997–2019),1,Contraction,volume_yoy_pct,-0.9,Sales volume growth,Year-on-year
2011-03-01,2011,3,March,2011Q1,2011-03,Pre-pandemic (1997–2019),1,Contraction,volume_yoy_pct,-0.2,Sales volume growth,Year-on-year
2011-04-01,2011,4,April,2011Q2,2011-04,Pre-pandemic (1997–2019),1,Moderate growth (below 3%),volume_yoy_pct,0.6,Sales volume growth,Year-on-year
2011-05-01,2011,5,May,2011Q2,2011-05,Pre-pandemic (1997–2019),1,Contraction,volume_yoy_pct,-1.6,Sales volume growth,Year-on-year
2011-06-01,2011,6,June,2011Q2,2011-06,Pre-pandemic (1997–2019),1,Contraction,volume_yoy_pct,-1.8,Sales volume growth,Year-on-year
2011-07-01,2011,7,July,2011Q3,2011-07,Pre-pandemic (1997–2019),1,Contraction,volume_yoy_pct,-1.7,Sales volume growth,Year-on-year
2011-08-01,2011,8,August,2011Q3,2011-08,Pre-pandemic (1997–2019),1,Contraction,volume_yoy_pct,-2.1,Sales volume growth,Year-on-year
2011-09-01,2011,9,September,2011Q3,2011-09,Pre-pandemic (1997–2019),1,Contraction,volume_yoy_pct,-0.7,Sales volume growth,Year-on-year
2011-10-01,2011,10,October,2011Q4,2011-10,Pre-pandemic (1997–2019),1,Contraction,volume_yoy_pct,-0.3,Sales volume growth,Year-on-year
2011-11-01,2011,11,November,2011Q4,2011-11,Pre-pandemic (1997–2019),1,Contraction,volume_yoy_pct,-0.6,Sales volume growth,Year-on-year
2011-12-01,2011,12,December,2011Q4,2011-12,Pre-pandemic (1997–2019),1,Moderate growth (below 3%),volume_yoy_pct,2.1,Sales volume growth,Year-on-year
2012-01-01,2012,1,January,2012Q1,2012-01,Pre-pandemic (1997–2019),1,Contraction,volume_yoy_pct,-0.1,Sales volume growth,Year-on-year
2012-02-01,2012,2,February,2012Q1,2012-02,Pre-pandemic (1997–2019),1,Contraction,volume_yoy_pct,-0.5,Sales volume growth,Year-on-year
2012-03-01,2012,3,March,2012Q1,2012-03,Pre-pandemic (1997–2019),1,Moderate growth (below 3%),volume_yoy_pct,1.6,Sales volume growth,Year-on-year
2012-04-01,2012,4,April,2012Q2,2012-04,Pre-pandemic (1997–2019),1,Contraction,volume_yoy_pct,-2.4,Sales volume growth,Year-on-year
2012-05-01,2012,5,May,2012Q2,2012-05,Pre-pandemic (1997–2019),1,Moderate growth (below 3%),volume_yoy_pct,0.5,Sales volume growth,Year-on-year
2012-06-01,2012,6,June,2012Q2,2012-06,Pre-pandemic (1997–2019),1,Moderate growth (below 3%),volume_yoy_pct,1.0,Sales volume growth,Year-on-year
2012-07-01,2012,7,July,2012Q3,2012-07,Pre-pandemic (1997–2019),1,Moderate growth (below 3%),volume_yoy_pct,0.5,Sales volume growth,Year-on-year
2012-08-01,2012,8,August,2012Q3,2012-08,Pre-pandemic (1997–2019),1,Moderate growth (below 3%),volume_yoy_pct,0.8,Sales volume growth,Year-on-year
2012-09-01,2012,9,September,2012Q3,2012-09,Pre-pandemic (1997–2019),1,Moderate growth (below 3%),volume_yoy_pct,1.0,Sales volume growth,Year-on-year
2012-10-01,2012,10,October,2012Q4,2012-10,Pre-pandemic (1997–2019),1,Contraction,volume_yoy_pct,-0.7,Sales volume growth,Year-on-year
2012-11-01,2012,11,November,2012Q4,2012-11,Pre-pandemic (1997–2019),1,Contraction,volume_yoy_pct,-0.8,Sales volume growth,Year-on-year
2012-12-01,2012,12,December,2012Q4,2012-12,Pre-pandemic (1997–2019),1,Contraction,volume_yoy_pct,-1.3,Sales volume growth,Year-on-year
2013-01-01,2013,1,January,2013Q1,2013-01,Pre-pandemic (1997–2019),1,Contraction,volume_yoy_pct,-1.2,Sales volume growth,Year-on-year
2013-02-01,2013,2,February,2013Q1,2013-02,Pre-pandemic (1997–2019),1,Moderate growth (below 3%),volume_yoy_pct,1.3,Sales volume growth,Year-on-year
2013-03-01,2013,3,March,2013Q1,2013-03,Pre-pandemic (1997–2019),1,Contraction,volume_yoy_pct,-2.0,Sales volume growth,Year-on-year
2013-04-01,2013,4,April,2013Q2,2013-04,Pre-pandemic (1997–2019),1,Moderate growth (below 3%),volume_yoy_pct,0.5,Sales volume growth,Year-on-year
2013-05-01,2013,5,May,2013Q2,2013-05,Pre-pandemic (1997–2019),1,Moderate growth (below 3%),volume_yoy_pct,0.8,Sales volume growth,Year-on-year
2013-06-01,2013,6,June,2013Q2,2013-06,Pre-pandemic (1997–2019),1,Moderate growth (below 3%),volume_yoy_pct,1.4,Sales volume growth,Year-on-year
2013-07-01,2013,7,July,2013Q3,2013-07,Pre-pandemic (1997–2019),1,Moderate growth (below 3%),volume_yoy_pct,1.7,Sales volume growth,Year-on-year
2013-08-01,2013,8,August,2013Q3,2013-08,Pre-pandemic (1997–2019),1,Moderate growth (below 3%),volume_yoy_pct,0.9,Sales volume growth,Year-on-year
2013-09-01,2013,9,September,2013Q3,2013-09,Pre-pandemic (1997–2019),1,Moderate growth (below 3%),volume_yoy_pct,1.5,Sales volume growth,Year-on-year
2013-10-01,2013,10,October,2013Q4,2013-10,Pre-pandemic (1997–2019),1,Moderate growth (below 3%),volume_yoy_pct,1.4,Sales volume growth,Year-on-year
2013-11-01,2013,11,November,2013Q4,2013-11,Pre-pandemic (1997–2019),1,Moderate growth (below 3%),volume_yoy_pct,2.6,Sales volume growth,Year-on-year
2013-12-01,2013,12,December,2013Q4,2013-12,Pre-pandemic (1997–2019),1,Moderate growth (below 3%),volume_yoy_pct,2.8,Sales volume growth,Year-on-year
2014-01-01,2014,1,January,2014Q1,2014-01,Pre-pandemic (1997–2019),1,Strong growth (3% or more),volume_yoy_pct,3.1,Sales volume growth,Year-on-year
2014-02-01,2014,2,February,2014Q1,2014-02,Pre-pandemic (1997–2019),1,Moderate growth (below 3%),volume_yoy_pct,2.1,Sales volume growth,Year-on-year
2014-03-01,2014,3,March,2014Q1,2014-03,Pre-pandemic (1997–2019),1,Strong growth (3% or more),volume_yoy_pct,4.5,Sales volume growth,Year-on-year
2014-04-01,2014,4,April,2014Q2,2014-04,Pre-pandemic (1997–2019),1,Strong growth (3% or more),volume_yoy_pct,4.2,Sales volume growth,Year-on-year
2014-05-01,2014,5,May,2014Q2,2014-05,Pre-pandemic (1997–2019),1,Strong growth (3% or more),volume_yoy_pct,3.6,Sales volume growth,Year-on-year
2014-06-01,2014,6,June,2014Q2,2014-06,Pre-pandemic (1997–2019),1,Strong growth (3% or more),volume_yoy_pct,3.0,Sales volume growth,Year-on-year
2014-07-01,2014,7,July,2014Q3,2014-07,Pre-pandemic (1997–2019),1,Strong growth (3% or more),volume_yoy_pct,3.0,Sales volume growth,Year-on-year
2014-08-01,2014,8,August,2014Q3,2014-08,Pre-pandemic (1997–2019),1,Strong growth (3% or more),volume_yoy_pct,4.1,Sales volume growth,Year-on-year
2014-09-01,2014,9,September,2014Q3,2014-09,Pre-pandemic (1997–2019),1,Moderate growth (below 3%),volume_yoy_pct,2.2,Sales volume growth,Year-on-year
2014-10-01,2014,10,October,2014Q4,2014-10,Pre-pandemic (1997–2019),1,Strong growth (3% or more),volume_yoy_pct,4.4,Sales volume growth,Year-on-year
2014-11-01,2014,11,November,2014Q4,2014-11,Pre-pandemic (1997–2019),1,Strong growth (3% or more),volume_yoy_pct,4.4,Sales volume growth,Year-on-year
2014-12-01,2014,12,December,2014Q4,2014-12,Pre-pandemic (1997–2019),1,Strong growth (3% or more),volume_yoy_pct,6.2,Sales volume growth,Year-on-year
2015-01-01,2015,1,January,2015Q1,2015-01,Pre-pandemic (1997–2019),1,Strong growth (3% or more),volume_yoy_pct,5.4,Sales volume growth,Year-on-year
2015-02-01,2015,2,February,2015Q1,2015-02,Pre-pandemic (1997–2019),1,Strong growth (3% or more),volume_yoy_pct,4.7,Sales volume growth,Year-on-year
2015-03-01,2015,3,March,2015Q1,2015-03,Pre-pandemic (1997–2019),1,Strong growth (3% or more),volume_yoy_pct,3.7,Sales volume growth,Year-on-year
2015-04-01,2015,4,April,2015Q2,2015-04,Pre-pandemic (1997–2019),1,Strong growth (3% or more),volume_yoy_pct,4.8,Sales volume growth,Year-on-year
2015-05-01,2015,5,May,2015Q2,2015-05,Pre-pandemic (1997–2019),1,Strong growth (3% or more),volume_yoy_pct,4.0,Sales volume growth,Year-on-year
2015-06-01,2015,6,June,2015Q2,2015-06,Pre-pandemic (1997–2019),1,Strong growth (3% or more),volume_yoy_pct,3.9,Sales volume growth,Year-on-year
2015-07-01,2015,7,July,2015Q3,2015-07,Pre-pandemic (1997–2019),1,Strong growth (3% or more),volume_yoy_pct,3.8,Sales volume growth,Year-on-year
2015-08-01,2015,8,August,2015Q3,2015-08,Pre-pandemic (1997–2019),1,Moderate growth (below 3%),volume_yoy_pct,2.9,Sales volume growth,Year-on-year
2015-09-01,2015,9,September,2015Q3,2015-09,Pre-pandemic (1997–2019),1,Strong growth (3% or more),volume_yoy_pct,6.0,Sales volume growth,Year-on-year
2015-10-01,2015,10,October,2015Q4,2015-10,Pre-pandemic (1997–2019),1,Strong growth (3% or more),volume_yoy_pct,3.8,Sales volume growth,Year-on-year
2015-11-01,2015,11,November,2015Q4,2015-11,Pre-pandemic (1997–2019),1,Strong growth (3% or more),volume_yoy_pct,3.8,Sales volume growth,Year-on-year
2015-12-01,2015,12,December,2015Q4,2015-12,Pre-pandemic (1997–2019),1,Moderate growth (below 3%),volume_yoy_pct,1.5,Sales volume growth,Year-on-year
2016-01-01,2016,1,January,2016Q1,2016-01,Pre-pandemic (1997–2019),1,Strong growth (3% or more),volume_yoy_pct,5.2,Sales volume growth,Year-on-year
2016-02-01,2016,2,February,2016Q1,2016-02,Pre-pandemic (1997–2019),1,Strong growth (3% or more),volume_yoy_pct,4.0,Sales volume growth,Year-on-year
2016-03-01,2016,3,March,2016Q1,2016-03,Pre-pandemic (1997–2019),1,Strong growth (3% or more),volume_yoy_pct,3.8,Sales volume growth,Year-on-year
2016-04-01,2016,4,April,2016Q2,2016-04,Pre-pandemic (1997–2019),1,Strong growth (3% or more),volume_yoy_pct,3.7,Sales volume growth,Year-on-year
2016-05-01,2016,5,May,2016Q2,2016-05,Pre-pandemic (1997–2019),1,Strong growth (3% or more),volume_yoy_pct,5.2,Sales volume growth,Year-on-year
2016-06-01,2016,6,June,2016Q2,2016-06,Pre-pandemic (1997–2019),1,Strong growth (3% or more),volume_yoy_pct,3.8,Sales volume growth,Year-on-year
2016-07-01,2016,7,July,2016Q3,2016-07,Pre-pandemic (1997–2019),1,Strong growth (3% or more),volume_yoy_pct,5.6,Sales volume growth,Year-on-year
2016-08-01,2016,8,August,2016Q3,2016-08,Pre-pandemic (1997–2019),1,Strong growth (3% or more),volume_yoy_pct,6.0,Sales volume growth,Year-on-year
2016-09-01,2016,9,September,2016Q3,2016-09,Pre-pandemic (1997–2019),1,Strong growth (3% or more),volume_yoy_pct,4.2,Sales volume growth,Year-on-year
2016-10-01,2016,10,October,2016Q4,2016-10,Pre-pandemic (1997–2019),1,Strong growth (3% or more),volume_yoy_pct,7.0,Sales volume growth,Year-on-year
2016-11-01,2016,11,November,2016Q4,2016-11,Pre-pandemic (1997–2019),1,Strong growth (3% or more),volume_yoy_pct,5.5,Sales volume growth,Year-on-year
2016-12-01,2016,12,December,2016Q4,2016-12,Pre-pandemic (1997–2019),1,Strong growth (3% or more),volume_yoy_pct,4.9,Sales volume growth,Year-on-year
2017-01-01,2017,1,January,2017Q1,2017-01,Pre-pandemic (1997–2019),1,Moderate growth (below 3%),volume_yoy_pct,1.1,Sales volume growth,Year-on-year
2017-02-01,2017,2,February,2017Q1,2017-02,Pre-pandemic (1997–2019),1,Moderate growth (below 3%),volume_yoy_pct,2.7,Sales volume growth,Year-on-year
2017-03-01,2017,3,March,2017Q1,2017-03,Pre-pandemic (1997–2019),1,Moderate growth (below 3%),volume_yoy_pct,2.3,Sales volume growth,Year-on-year
2017-04-01,2017,4,April,2017Q2,2017-04,Pre-pandemic (1997–2019),1,Strong growth (3% or more),volume_yoy_pct,3.5,Sales volume growth,Year-on-year
2017-05-01,2017,5,May,2017Q2,2017-05,Pre-pandemic (1997–2019),1,Moderate growth (below 3%),volume_yoy_pct,0.7,Sales volume growth,Year-on-year
2017-06-01,2017,6,June,2017Q2,2017-06,Pre-pandemic (1997–2019),1,Moderate growth (below 3%),volume_yoy_pct,2.7,Sales volume growth,Year-on-year
2017-07-01,2017,7,July,2017Q3,2017-07,Pre-pandemic (1997–2019),1,Moderate growth (below 3%),volume_yoy_pct,0.6,Sales volume growth,Year-on-year
2017-08-01,2017,8,August,2017Q3,2017-08,Pre-pandemic (1997–2019),1,Moderate growth (below 3%),volume_yoy_pct,2.0,Sales volume growth,Year-on-year
2017-09-01,2017,9,September,2017Q3,2017-09,Pre-pandemic (1997–2019),1,Moderate growth (below 3%),volume_yoy_pct,1.3,Sales volume growth,Year-on-year
2017-10-01,2017,10,October,2017Q4,2017-10,Pre-pandemic (1997–2019),1,Contraction,volume_yoy_pct,-0.1,Sales volume growth,Year-on-year
2017-11-01,2017,11,November,2017Q4,2017-11,Pre-pandemic (1997–2019),1,Moderate growth (below 3%),volume_yoy_pct,0.8,Sales volume growth,Year-on-year
2017-12-01,2017,12,December,2017Q4,2017-12,Pre-pandemic (1997–2019),1,Moderate growth (below 3%),volume_yoy_pct,1.4,Sales volume growth,Year-on-year
2018-01-01,2018,1,January,2018Q1,2018-01,Pre-pandemic (1997–2019),1,Moderate growth (below 3%),volume_yoy_pct,1.6,Sales volume growth,Year-on-year
2018-02-01,2018,2,February,2018Q1,2018-02,Pre-pandemic (1997–2019),1,Moderate growth (below 3%),volume_yoy_pct,1.5,Sales volume growth,Year-on-year
2018-03-01,2018,3,March,2018Q1,2018-03,Pre-pandemic (1997–2019),1,Moderate growth (below 3%),volume_yoy_pct,0.3,Sales volume growth,Year-on-year
2018-04-01,2018,4,April,2018Q2,2018-04,Pre-pandemic (1997–2019),1,Moderate growth (below 3%),volume_yoy_pct,0.4,Sales volume growth,Year-on-year
2018-05-01,2018,5,May,2018Q2,2018-05,Pre-pandemic (1997–2019),1,Strong growth (3% or more),volume_yoy_pct,3.6,Sales volume growth,Year-on-year
2018-06-01,2018,6,June,2018Q2,2018-06,Pre-pandemic (1997–2019),1,Moderate growth (below 3%),volume_yoy_pct,2.2,Sales volume growth,Year-on-year
2018-07-01,2018,7,July,2018Q3,2018-07,Pre-pandemic (1997–2019),1,Strong growth (3% or more),volume_yoy_pct,3.3,Sales volume growth,Year-on-year
2018-08-01,2018,8,August,2018Q3,2018-08,Pre-pandemic (1997–2019),1,Moderate growth (below 3%),volume_yoy_pct,2.6,Sales volume growth,Year-on-year
2018-09-01,2018,9,September,2018Q3,2018-09,Pre-pandemic (1997–2019),1,Moderate growth (below 3%),volume_yoy_pct,2.4,Sales volume growth,Year-on-year
2018-10-01,2018,10,October,2018Q4,2018-10,Pre-pandemic (1997–2019),1,Moderate growth (below 3%),volume_yoy_pct,1.5,Sales volume growth,Year-on-year
2018-11-01,2018,11,November,2018Q4,2018-11,Pre-pandemic (1997–2019),1,Moderate growth (below 3%),volume_yoy_pct,2.7,Sales volume growth,Year-on-year
2018-12-01,2018,12,December,2018Q4,2018-12,Pre-pandemic (1997–2019),1,Moderate growth (below 3%),volume_yoy_pct,2.6,Sales volume growth,Year-on-year
2019-01-01,2019,1,January,2019Q1,2019-01,Pre-pandemic (1997–2019),1,Strong growth (3% or more),volume_yoy_pct,3.7,Sales volume growth,Year-on-year
2019-02-01,2019,2,February,2019Q1,2019-02,Pre-pandemic (1997–2019),1,Strong growth (3% or more),volume_yoy_pct,3.6,Sales volume growth,Year-on-year
2019-03-01,2019,3,March,2019Q1,2019-03,Pre-pandemic (1997–2019),1,Strong growth (3% or more),volume_yoy_pct,6.3,Sales volume growth,Year-on-year
2019-04-01,2019,4,April,2019Q2,2019-04,Pre-pandemic (1997–2019),1,Strong growth (3% or more),volume_yoy_pct,4.3,Sales volume growth,Year-on-year
2019-05-01,2019,5,May,2019Q2,2019-05,Pre-pandemic (1997–2019),1,Moderate growth (below 3%),volume_yoy_pct,1.6,Sales volume growth,Year-on-year
2019-06-01,2019,6,June,2019Q2,2019-06,Pre-pandemic (1997–2019),1,Strong growth (3% or more),volume_yoy_pct,3.3,Sales volume growth,Year-on-year
2019-07-01,2019,7,July,2019Q3,2019-07,Pre-pandemic (1997–2019),1,Strong growth (3% or more),volume_yoy_pct,3.4,Sales volume growth,Year-on-year
2019-08-01,2019,8,August,2019Q3,2019-08,Pre-pandemic (1997–2019),1,Moderate growth (below 3%),volume_yoy_pct,2.4,Sales volume growth,Year-on-year
2019-09-01,2019,9,September,2019Q3,2019-09,Pre-pandemic (1997–2019),1,Moderate growth (below 3%),volume_yoy_pct,2.7,Sales volume growth,Year-on-year
2019-10-01,2019,10,October,2019Q4,2019-10,Pre-pandemic (1997–2019),1,Moderate growth (below 3%),volume_yoy_pct,2.8,Sales volume growth,Year-on-year
2019-11-01,2019,11,November,2019Q4,2019-11,Pre-pandemic (1997–2019),1,Moderate growth (below 3%),volume_yoy_pct,1.0,Sales volume growth,Year-on-year
2019-12-01,2019,12,December,2019Q4,2019-12,Pre-pandemic (1997–2019),1,Moderate growth (below 3%),volume_yoy_pct,1.9,Sales volume growth,Year-on-year
2020-01-01,2020,1,January,2020Q1,2020-01,COVID-19 disruption (2020–2021),2,Moderate growth (below 3%),volume_yoy_pct,1.6,Sales volume growth,Year-on-year
2020-02-01,2020,2,February,2020Q1,2020-02,COVID-19 disruption (2020–2021),2,Moderate growth (below 3%),volume_yoy_pct,0.7,Sales volume growth,Year-on-year
2020-03-01,2020,3,March,2020Q1,2020-03,COVID-19 disruption (2020–2021),2,Contraction,volume_yoy_pct,-6.4,Sales volume growth,Year-on-year
2020-04-01,2020,4,April,2020Q2,2020-04,COVID-19 disruption (2020–2021),2,Contraction,volume_yoy_pct,-23.0,Sales volume growth,Year-on-year
2020-05-01,2020,5,May,2020Q2,2020-05,COVID-19 disruption (2020–2021),2,Contraction,volume_yoy_pct,-11.8,Sales volume growth,Year-on-year
2020-06-01,2020,6,June,2020Q2,2020-06,COVID-19 disruption (2020–2021),2,Contraction,volume_yoy_pct,-2.2,Sales volume growth,Year-on-year
2020-07-01,2020,7,July,2020Q3,2020-07,COVID-19 disruption (2020–2021),2,Moderate growth (below 3%),volume_yoy_pct,1.6,Sales volume growth,Year-on-year
2020-08-01,2020,8,August,2020Q3,2020-08,COVID-19 disruption (2020–2021),2,Strong growth (3% or more),volume_yoy_pct,3.9,Sales volume growth,Year-on-year
2020-09-01,2020,9,September,2020Q3,2020-09,COVID-19 disruption (2020–2021),2,Strong growth (3% or more),volume_yoy_pct,5.4,Sales volume growth,Year-on-year
2020-10-01,2020,10,October,2020Q4,2020-10,COVID-19 disruption (2020–2021),2,Strong growth (3% or more),volume_yoy_pct,6.9,Sales volume growth,Year-on-year
2020-11-01,2020,11,November,2020Q4,2020-11,COVID-19 disruption (2020–2021),2,Moderate growth (below 3%),volume_yoy_pct,2.6,Sales volume growth,Year-on-year
2020-12-01,2020,12,December,2020Q4,2020-12,COVID-19 disruption (2020–2021),2,Moderate growth (below 3%),volume_yoy_pct,2.4,Sales volume growth,Year-on-year
2021-01-01,2021,1,January,2021Q1,2021-01,COVID-19 disruption (2020–2021),2,Contraction,volume_yoy_pct,-5.1,Sales volume growth,Year-on-year
2021-02-01,2021,2,February,2021Q1,2021-02,COVID-19 disruption (2020–2021),2,Contraction,volume_yoy_pct,-3.7,Sales volume growth,Year-on-year
2021-03-01,2021,3,March,2021Q1,2021-03,COVID-19 disruption (2020–2021),2,Strong growth (3% or more),volume_yoy_pct,6.8,Sales volume growth,Year-on-year
2021-04-01,2021,4,April,2021Q2,2021-04,COVID-19 disruption (2020–2021),2,Strong growth (3% or more),volume_yoy_pct,41.0,Sales volume growth,Year-on-year
2021-05-01,2021,5,May,2021Q2,2021-05,COVID-19 disruption (2020–2021),2,Strong growth (3% or more),volume_yoy_pct,21.7,Sales volume growth,Year-on-year
2021-06-01,2021,6,June,2021Q2,2021-06,COVID-19 disruption (2020–2021),2,Strong growth (3% or more),volume_yoy_pct,9.1,Sales volume growth,Year-on-year
2021-07-01,2021,7,July,2021Q3,2021-07,COVID-19 disruption (2020–2021),2,Moderate growth (below 3%),volume_yoy_pct,1.7,Sales volume growth,Year-on-year
2021-08-01,2021,8,August,2021Q3,2021-08,COVID-19 disruption (2020–2021),2,Moderate growth (below 3%),volume_yoy_pct,0.4,Sales volume growth,Year-on-year
2021-09-01,2021,9,September,2021Q3,2021-09,COVID-19 disruption (2020–2021),2,Contraction,volume_yoy_pct,-1.0,Sales volume growth,Year-on-year
2021-10-01,2021,10,October,2021Q4,2021-10,COVID-19 disruption (2020–2021),2,Contraction,volume_yoy_pct,-2.2,Sales volume growth,Year-on-year
2021-11-01,2021,11,November,2021Q4,2021-11,COVID-19 disruption (2020–2021),2,Moderate growth (below 3%),volume_yoy_pct,2.3,Sales volume growth,Year-on-year
2021-12-01,2021,12,December,2021Q4,2021-12,COVID-19 disruption (2020–2021),2,Moderate growth (below 3%),volume_yoy_pct,1.4,Sales volume growth,Year-on-year
2022-01-01,2022,1,January,2022Q1,2022-01,Cost-of-living crisis (2022–2023),3,Strong growth (3% or more),volume_yoy_pct,8.7,Sales volume growth,Year-on-year
2022-02-01,2022,2,February,2022Q1,2022-02,Cost-of-living crisis (2022–2023),3,Strong growth (3% or more),volume_yoy_pct,6.5,Sales volume growth,Year-on-year
2022-03-01,2022,3,March,2022Q1,2022-03,Cost-of-living crisis (2022–2023),3,Moderate growth (below 3%),volume_yoy_pct,1.6,Sales volume growth,Year-on-year
2022-04-01,2022,4,April,2022Q2,2022-04,Cost-of-living crisis (2022–2023),3,Contraction,volume_yoy_pct,-7.2,Sales volume growth,Year-on-year
2022-05-01,2022,5,May,2022Q2,2022-05,Cost-of-living crisis (2022–2023),3,Contraction,volume_yoy_pct,-6.5,Sales volume growth,Year-on-year
2022-06-01,2022,6,June,2022Q2,2022-06,Cost-of-living crisis (2022–2023),3,Contraction,volume_yoy_pct,-7.2,Sales volume growth,Year-on-year
2022-07-01,2022,7,July,2022Q3,2022-07,Cost-of-living crisis (2022–2023),3,Contraction,volume_yoy_pct,-4.8,Sales volume growth,Year-on-year
2022-08-01,2022,8,August,2022Q3,2022-08,Cost-of-living crisis (2022–2023),3,Contraction,volume_yoy_pct,-6.8,Sales volume growth,Year-on-year
2022-09-01,2022,9,September,2022Q3,2022-09,Cost-of-living crisis (2022–2023),3,Contraction,volume_yoy_pct,-8.0,Sales volume growth,Year-on-year
2022-10-01,2022,10,October,2022Q4,2022-10,Cost-of-living crisis (2022–2023),3,Contraction,volume_yoy_pct,-6.5,Sales volume growth,Year-on-year
2022-11-01,2022,11,November,2022Q4,2022-11,Cost-of-living crisis (2022–2023),3,Contraction,volume_yoy_pct,-7.3,Sales volume growth,Year-on-year
2022-12-01,2022,12,December,2022Q4,2022-12,Cost-of-living crisis (2022–2023),3,Contraction,volume_yoy_pct,-7.1,Sales volume growth,Year-on-year
2023-01-01,2023,1,January,2023Q1,2023-01,Cost-of-living crisis (2022–2023),3,Contraction,volume_yoy_pct,-6.3,Sales volume growth,Year-on-year
2023-02-01,2023,2,February,2023Q1,2023-02,Cost-of-living crisis (2022–2023),3,Contraction,volume_yoy_pct,-4.8,Sales volume growth,Year-on-year
2023-03-01,2023,3,March,2023Q1,2023-03,Cost-of-living crisis (2022–2023),3,Contraction,volume_yoy_pct,-5.3,Sales volume growth,Year-on-year
2023-04-01,2023,4,April,2023Q2,2023-04,Cost-of-living crisis (2022–2023),3,Contraction,volume_yoy_pct,-3.2,Sales volume growth,Year-on-year
2023-05-01,2023,5,May,2023Q2,2023-05,Cost-of-living crisis (2022–2023),3,Contraction,volume_yoy_pct,-2.9,Sales volume growth,Year-on-year
2023-06-01,2023,6,June,2023Q2,2023-06,Cost-of-living crisis (2022–2023),3,Contraction,volume_yoy_pct,-2.0,Sales volume growth,Year-on-year
2023-07-01,2023,7,July,2023Q3,2023-07,Cost-of-living crisis (2022–2023),3,Contraction,volume_yoy_pct,-3.4,Sales volume growth,Year-on-year
2023-08-01,2023,8,August,2023Q3,2023-08,Cost-of-living crisis (2022–2023),3,Contraction,volume_yoy_pct,-1.9,Sales volume growth,Year-on-year
2023-09-01,2023,9,September,2023Q3,2023-09,Cost-of-living crisis (2022–2023),3,Contraction,volume_yoy_pct,-1.8,Sales volume growth,Year-on-year
2023-10-01,2023,10,October,2023Q4,2023-10,Cost-of-living crisis (2022–2023),3,Contraction,volume_yoy_pct,-2.4,Sales volume growth,Year-on-year
2023-11-01,2023,11,November,2023Q4,2023-11,Cost-of-living crisis (2022–2023),3,Moderate growth (below 3%),volume_yoy_pct,0.1,Sales volume growth,Year-on-year
2023-12-01,2023,12,December,2023Q4,2023-12,Cost-of-living crisis (2022–2023),3,Contraction,volume_yoy_pct,-3.7,Sales volume growth,Year-on-year
2024-01-01,2024,1,January,2024Q1,2024-01,Recent period (2024–2026),4,Contraction,volume_yoy_pct,-0.6,Sales volume growth,Year-on-year
2024-02-01,2024,2,February,2024Q1,2024-02,Recent period (2024–2026),4,Contraction,volume_yoy_pct,-0.9,Sales volume growth,Year-on-year
2024-03-01,2024,3,March,2024Q1,2024-03,Recent period (2024–2026),4,Contraction,volume_yoy_pct,-0.2,Sales volume growth,Year-on-year
2024-04-01,2024,4,April,2024Q2,2024-04,Recent period (2024–2026),4,Contraction,volume_yoy_pct,-2.6,Sales volume growth,Year-on-year
2024-05-01,2024,5,May,2024Q2,2024-05,Recent period (2024–2026),4,Moderate growth (below 3%),volume_yoy_pct,0.9,Sales volume growth,Year-on-year
2024-06-01,2024,6,June,2024Q2,2024-06,Recent period (2024–2026),4,Contraction,volume_yoy_pct,-1.5,Sales volume growth,Year-on-year
2024-07-01,2024,7,July,2024Q3,2024-07,Recent period (2024–2026),4,Moderate growth (below 3%),volume_yoy_pct,0.6,Sales volume growth,Year-on-year
2024-08-01,2024,8,August,2024Q3,2024-08,Recent period (2024–2026),4,Moderate growth (below 3%),volume_yoy_pct,0.9,Sales volume growth,Year-on-year
2024-09-01,2024,9,September,2024Q3,2024-09,Recent period (2024–2026),4,Moderate growth (below 3%),volume_yoy_pct,2.0,Sales volume growth,Year-on-year
2024-10-01,2024,10,October,2024Q4,2024-10,Recent period (2024–2026),4,Moderate growth (below 3%),volume_yoy_pct,0.8,Sales volume growth,Year-on-year
2024-11-01,2024,11,November,2024Q4,2024-11,Recent period (2024–2026),4,Contraction,volume_yoy_pct,-0.8,Sales volume growth,Year-on-year
2024-12-01,2024,12,December,2024Q4,2024-12,Recent period (2024–2026),4,Strong growth (3% or more),volume_yoy_pct,3.1,Sales volume growth,Year-on-year
2025-01-01,2025,1,January,2025Q1,2025-01,Recent period (2024–2026),4,Contraction,volume_yoy_pct,-1.4,Sales volume growth,Year-on-year
2025-02-01,2025,2,February,2025Q1,2025-02,Recent period (2024–2026),4,Moderate growth (below 3%),volume_yoy_pct,0.7,Sales volume growth,Year-on-year
2025-03-01,2025,3,March,2025Q1,2025-03,Recent period (2024–2026),4,Moderate growth (below 3%),volume_yoy_pct,2.2,Sales volume growth,Year-on-year
2025-04-01,2025,4,April,2025Q2,2025-04,Recent period (2024–2026),4,Strong growth (3% or more),volume_yoy_pct,3.3,Sales volume growth,Year-on-year
2025-05-01,2025,5,May,2025Q2,2025-05,Recent period (2024–2026),4,Contraction,volume_yoy_pct,-1.0,Sales volume growth,Year-on-year
2025-06-01,2025,6,June,2025Q2,2025-06,Recent period (2024–2026),4,Moderate growth (below 3%),volume_yoy_pct,1.0,Sales volume growth,Year-on-year
2025-07-01,2025,7,July,2025Q3,2025-07,Recent period (2024–2026),4,Moderate growth (below 3%),volume_yoy_pct,1.7,Sales volume growth,Year-on-year
2025-08-01,2025,8,August,2025Q3,2025-08,Recent period (2024–2026),4,Moderate growth (below 3%),volume_yoy_pct,0.7,Sales volume growth,Year-on-year
2025-09-01,2025,9,September,2025Q3,2025-09,Recent period (2024–2026),4,Moderate growth (below 3%),volume_yoy_pct,1.8,Sales volume growth,Year-on-year
2025-10-01,2025,10,October,2025Q4,2025-10,Recent period (2024–2026),4,Moderate growth (below 3%),volume_yoy_pct,1.7,Sales volume growth,Year-on-year
2025-11-01,2025,11,November,2025Q4,2025-11,Recent period (2024–2026),4,Moderate growth (below 3%),volume_yoy_pct,1.3,Sales volume growth,Year-on-year
2025-12-01,2025,12,December,2025Q4,2025-12,Recent period (2024–2026),4,Moderate growth (below 3%),volume_yoy_pct,1.1,Sales volume growth,Year-on-year
2026-01-01,2026,1,January,2026Q1,2026-01,Recent period (2024–2026),4,Strong growth (3% or more),volume_yoy_pct,4.3,Sales volume growth,Year-on-year
2026-02-01,2026,2,February,2026Q1,2026-02,Recent period (2024–2026),4,Moderate growth (below 3%),volume_yoy_pct,1.4,Sales volume growth,Year-on-year
2026-03-01,2026,3,March,2026Q1,2026-03,Recent period (2024–2026),4,Moderate growth (below 3%),volume_yoy_pct,0.9,Sales volume growth,Year-on-year
2026-04-01,2026,4,April,2026Q2,2026-04,Recent period (2024–2026),4,No change,volume_yoy_pct,0.0,Sales volume growth,Year-on-year
2026-05-01,2026,5,May,2026Q2,2026-05,Recent period (2024–2026),4,Strong growth (3% or more),volume_yoy_pct,3.2,Sales volume growth,Year-on-year
2026-06-01,2026,6,June,2026Q2,2026-06,Recent period (2024–2026),4,Strong growth (3% or more),volume_yoy_pct,3.4,Sales volume growth,Year-on-year
2026-07-01,2026,7,July,2026Q3,2026-07,Recent period (2024–2026),4,Moderate growth (below 3%),volume_yoy_pct,1.2,Sales volume growth,Year-on-year
2026-08-01,2026,8,August,2026Q3,2026-08,Recent period (2024–2026),4,Moderate growth (below 3%),volume_yoy_pct,2.4,Sales volume growth,Year-on-year
1997-01-01,1997,1,January,1997Q1,1997-01,Pre-pandemic (1997–2019),1,Strong growth (3% or more),volume_mom_pct,1.6,Sales volume growth,Month-on-month
1997-02-01,1997,2,February,1997Q1,1997-02,Pre-pandemic (1997–2019),1,Strong growth (3% or more),volume_mom_pct,0.8,Sales volume growth,Month-on-month
1997-03-01,1997,3,March,1997Q1,1997-03,Pre-pandemic (1997–2019),1,Strong growth (3% or more),volume_mom_pct,1.0,Sales volume growth,Month-on-month
1997-04-01,1997,4,April,1997Q2,1997-04,Pre-pandemic (1997–2019),1,Strong growth (3% or more),volume_mom_pct,0.5,Sales volume growth,Month-on-month
1997-05-01,1997,5,May,1997Q2,1997-05,Pre-pandemic (1997–2019),1,Strong growth (3% or more),volume_mom_pct,-0.3,Sales volume growth,Month-on-month
1997-06-01,1997,6,June,1997Q2,1997-06,Pre-pandemic (1997–2019),1,Strong growth (3% or more),volume_mom_pct,1.5,Sales volume growth,Month-on-month
1997-07-01,1997,7,July,1997Q3,1997-07,Pre-pandemic (1997–2019),1,Strong growth (3% or more),volume_mom_pct,0.1,Sales volume growth,Month-on-month
1997-08-01,1997,8,August,1997Q3,1997-08,Pre-pandemic (1997–2019),1,Strong growth (3% or more),volume_mom_pct,-1.1,Sales volume growth,Month-on-month
1997-09-01,1997,9,September,1997Q3,1997-09,Pre-pandemic (1997–2019),1,Moderate growth (below 3%),volume_mom_pct,0.2,Sales volume growth,Month-on-month
1997-10-01,1997,10,October,1997Q4,1997-10,Pre-pandemic (1997–2019),1,Strong growth (3% or more),volume_mom_pct,1.5,Sales volume growth,Month-on-month
1997-11-01,1997,11,November,1997Q4,1997-11,Pre-pandemic (1997–2019),1,Strong growth (3% or more),volume_mom_pct,0.2,Sales volume growth,Month-on-month
1997-12-01,1997,12,December,1997Q4,1997-12,Pre-pandemic (1997–2019),1,Strong growth (3% or more),volume_mom_pct,0.3,Sales volume growth,Month-on-month
1998-01-01,1998,1,January,1998Q1,1998-01,Pre-pandemic (1997–2019),1,Strong growth (3% or more),volume_mom_pct,0.3,Sales volume growth,Month-on-month
1998-02-01,1998,2,February,1998Q1,1998-02,Pre-pandemic (1997–2019),1,Strong growth (3% or more),volume_mom_pct,-0.2,Sales volume growth,Month-on-month
1998-03-01,1998,3,March,1998Q1,1998-03,Pre-pandemic (1997–2019),1,Moderate growth (below 3%),volume_mom_pct,-0.4,Sales volume growth,Month-on-month
1998-04-01,1998,4,April,1998Q2,1998-04,Pre-pandemic (1997–2019),1,Moderate growth (below 3%),volume_mom_pct,-0.1,Sales volume growth,Month-on-month
1998-05-01,1998,5,May,1998Q2,1998-05,Pre-pandemic (1997–2019),1,Strong growth (3% or more),volume_mom_pct,0.9,Sales volume growth,Month-on-month
1998-06-01,1998,6,June,1998Q2,1998-06,Pre-pandemic (1997–2019),1,Moderate growth (below 3%),volume_mom_pct,-1.1,Sales volume growth,Month-on-month
1998-07-01,1998,7,July,1998Q3,1998-07,Pre-pandemic (1997–2019),1,Moderate growth (below 3%),volume_mom_pct,0.9,Sales volume growth,Month-on-month
1998-08-01,1998,8,August,1998Q3,1998-08,Pre-pandemic (1997–2019),1,Strong growth (3% or more),volume_mom_pct,0.9,Sales volume growth,Month-on-month
1998-09-01,1998,9,September,1998Q3,1998-09,Pre-pandemic (1997–2019),1,Moderate growth (below 3%),volume_mom_pct,-0.5,Sales volume growth,Month-on-month
1998-10-01,1998,10,October,1998Q4,1998-10,Pre-pandemic (1997–2019),1,Moderate growth (below 3%),volume_mom_pct,-0.6,Sales volume growth,Month-on-month
1998-11-01,1998,11,November,1998Q4,1998-11,Pre-pandemic (1997–2019),1,Moderate growth (below 3%),volume_mom_pct,0.5,Sales volume growth,Month-on-month
1998-12-01,1998,12,December,1998Q4,1998-12,Pre-pandemic (1997–2019),1,Contraction,volume_mom_pct,-1.5,Sales volume growth,Month-on-month
1999-01-01,1999,1,January,1999Q1,1999-01,Pre-pandemic (1997–2019),1,Moderate growth (below 3%),volume_mom_pct,2.1,Sales volume growth,Month-on-month
1999-02-01,1999,2,February,1999Q1,1999-02,Pre-pandemic (1997–2019),1,Moderate growth (below 3%),volume_mom_pct,-0.5,Sales volume growth,Month-on-month
1999-03-01,1999,3,March,1999Q1,1999-03,Pre-pandemic (1997–2019),1,Moderate growth (below 3%),volume_mom_pct,-0.4,Sales volume growth,Month-on-month
1999-04-01,1999,4,April,1999Q2,1999-04,Pre-pandemic (1997–2019),1,Moderate growth (below 3%),volume_mom_pct,0.6,Sales volume growth,Month-on-month
1999-05-01,1999,5,May,1999Q2,1999-05,Pre-pandemic (1997–2019),1,Moderate growth (below 3%),volume_mom_pct,1.2,Sales volume growth,Month-on-month
1999-06-01,1999,6,June,1999Q2,1999-06,Pre-pandemic (1997–2019),1,Strong growth (3% or more),volume_mom_pct,0.4,Sales volume growth,Month-on-month
1999-07-01,1999,7,July,1999Q3,1999-07,Pre-pandemic (1997–2019),1,Moderate growth (below 3%),volume_mom_pct,-0.1,Sales volume growth,Month-on-month
1999-08-01,1999,8,August,1999Q3,1999-08,Pre-pandemic (1997–2019),1,Moderate growth (below 3%),volume_mom_pct,0.7,Sales volume growth,Month-on-month
1999-09-01,1999,9,September,1999Q3,1999-09,Pre-pandemic (1997–2019),1,Moderate growth (below 3%),volume_mom_pct,-0.4,Sales volume growth,Month-on-month
1999-10-01,1999,10,October,1999Q4,1999-10,Pre-pandemic (1997–2019),1,Strong growth (3% or more),volume_mom_pct,0.8,Sales volume growth,Month-on-month
1999-11-01,1999,11,November,1999Q4,1999-11,Pre-pandemic (1997–2019),1,Strong growth (3% or more),volume_mom_pct,0.6,Sales volume growth,Month-on-month
1999-12-01,1999,12,December,1999Q4,1999-12,Pre-pandemic (1997–2019),1,Strong growth (3% or more),volume_mom_pct,0.6,Sales volume growth,Month-on-month
2000-01-01,2000,1,January,2000Q1,2000-01,Pre-pandemic (1997–2019),1,Strong growth (3% or more),volume_mom_pct,2.2,Sales volume growth,Month-on-month
2000-02-01,2000,2,February,2000Q1,2000-02,Pre-pandemic (1997–2019),1,Strong growth (3% or more),volume_mom_pct,-1.9,Sales volume growth,Month-on-month
2000-03-01,2000,3,March,2000Q1,2000-03,Pre-pandemic (1997–2019),1,Strong growth (3% or more),volume_mom_pct,0.4,Sales volume growth,Month-on-month
2000-04-01,2000,4,April,2000Q2,2000-04,Pre-pandemic (1997–2019),1,Strong growth (3% or more),volume_mom_pct,1.7,Sales volume growth,Month-on-month
2000-05-01,2000,5,May,2000Q2,2000-05,Pre-pandemic (1997–2019),1,Strong growth (3% or more),volume_mom_pct,-1.1,Sales volume growth,Month-on-month
2000-06-01,2000,6,June,2000Q2,2000-06,Pre-pandemic (1997–2019),1,Strong growth (3% or more),volume_mom_pct,-0.1,Sales volume growth,Month-on-month
2000-07-01,2000,7,July,2000Q3,2000-07,Pre-pandemic (1997–2019),1,Strong growth (3% or more),volume_mom_pct,-0.4,Sales volume growth,Month-on-month
2000-08-01,2000,8,August,2000Q3,2000-08,Pre-pandemic (1997–2019),1,Strong growth (3% or more),volume_mom_pct,1.8,Sales volume growth,Month-on-month
2000-09-01,2000,9,September,2000Q3,2000-09,Pre-pandemic (1997–2019),1,Strong growth (3% or more),volume_mom_pct,-0.2,Sales volume growth,Month-on-month
2000-10-01,2000,10,October,2000Q4,2000-10,Pre-pandemic (1997–2019),1,Strong growth (3% or more),volume_mom_pct,0.6,Sales volume growth,Month-on-month
2000-11-01,2000,11,November,2000Q4,2000-11,Pre-pandemic (1997–2019),1,Strong growth (3% or more),volume_mom_pct,0.1,Sales volume growth,Month-on-month
2000-12-01,2000,12,December,2000Q4,2000-12,Pre-pandemic (1997–2019),1,Strong growth (3% or more),volume_mom_pct,0.6,Sales volume growth,Month-on-month
2001-01-01,2001,1,January,2001Q1,2001-01,Pre-pandemic (1997–2019),1,Moderate growth (below 3%),volume_mom_pct,1.1,Sales volume growth,Month-on-month
2001-02-01,2001,2,February,2001Q1,2001-02,Pre-pandemic (1997–2019),1,Strong growth (3% or more),volume_mom_pct,3.2,Sales volume growth,Month-on-month
2001-03-01,2001,3,March,2001Q1,2001-03,Pre-pandemic (1997–2019),1,Strong growth (3% or more),volume_mom_pct,0.2,Sales volume growth,Month-on-month
2001-04-01,2001,4,April,2001Q2,2001-04,Pre-pandemic (1997–2019),1,Strong growth (3% or more),volume_mom_pct,0.4,Sales volume growth,Month-on-month
2001-05-01,2001,5,May,2001Q2,2001-05,Pre-pandemic (1997–2019),1,Strong growth (3% or more),volume_mom_pct,2.0,Sales volume growth,Month-on-month
2001-06-01,2001,6,June,2001Q2,2001-06,Pre-pandemic (1997–2019),1,Strong growth (3% or more),volume_mom_pct,-0.5,Sales volume growth,Month-on-month
2001-07-01,2001,7,July,2001Q3,2001-07,Pre-pandemic (1997–2019),1,Strong growth (3% or more),volume_mom_pct,0.6,Sales volume growth,Month-on-month
2001-08-01,2001,8,August,2001Q3,2001-08,Pre-pandemic (1997–2019),1,Strong growth (3% or more),volume_mom_pct,0.2,Sales volume growth,Month-on-month
2001-09-01,2001,9,September,2001Q3,2001-09,Pre-pandemic (1997–2019),1,Strong growth (3% or more),volume_mom_pct,0.6,Sales volume growth,Month-on-month
2001-10-01,2001,10,October,2001Q4,2001-10,Pre-pandemic (1997–2019),1,Strong growth (3% or more),volume_mom_pct,0.7,Sales volume growth,Month-on-month
2001-11-01,2001,11,November,2001Q4,2001-11,Pre-pandemic (1997–2019),1,Strong growth (3% or more),volume_mom_pct,1.2,Sales volume growth,Month-on-month
2001-12-01,2001,12,December,2001Q4,2001-12,Pre-pandemic (1997–2019),1,Strong growth (3% or more),volume_mom_pct,1.4,Sales volume growth,Month-on-month
2002-01-01,2002,1,January,2002Q1,2002-01,Pre-pandemic (1997–2019),1,Strong growth (3% or more),volume_mom_pct,-0.9,Sales volume growth,Month-on-month
2002-02-01,2002,2,February,2002Q1,2002-02,Pre-pandemic (1997–2019),1,Strong growth (3% or more),volume_mom_pct,1.5,Sales volume growth,Month-on-month
2002-03-01,2002,3,March,2002Q1,2002-03,Pre-pandemic (1997–2019),1,Strong growth (3% or more),volume_mom_pct,0.0,Sales volume growth,Month-on-month
2002-04-01,2002,4,April,2002Q2,2002-04,Pre-pandemic (1997–2019),1,Strong growth (3% or more),volume_mom_pct,1.6,Sales volume growth,Month-on-month
2002-05-01,2002,5,May,2002Q2,2002-05,Pre-pandemic (1997–2019),1,Strong growth (3% or more),volume_mom_pct,-0.8,Sales volume growth,Month-on-month
2002-06-01,2002,6,June,2002Q2,2002-06,Pre-pandemic (1997–2019),1,Strong growth (3% or more),volume_mom_pct,-1.3,Sales volume growth,Month-on-month
2002-07-01,2002,7,July,2002Q3,2002-07,Pre-pandemic (1997–2019),1,Strong growth (3% or more),volume_mom_pct,1.8,Sales volume growth,Month-on-month
2002-08-01,2002,8,August,2002Q3,2002-08,Pre-pandemic (1997–2019),1,Strong growth (3% or more),volume_mom_pct,-0.3,Sales volume growth,Month-on-month
2002-09-01,2002,9,September,2002Q3,2002-09,Pre-pandemic (1997–2019),1,Strong growth (3% or more),volume_mom_pct,0.5,Sales volume growth,Month-on-month
2002-10-01,2002,10,October,2002Q4,2002-10,Pre-pandemic (1997–2019),1,Strong growth (3% or more),volume_mom_pct,0.5,Sales volume growth,Month-on-month
2002-11-01,2002,11,November,2002Q4,2002-11,Pre-pandemic (1997–2019),1,Strong growth (3% or more),volume_mom_pct,0.8,Sales volume growth,Month-on-month
2002-12-01,2002,12,December,2002Q4,2002-12,Pre-pandemic (1997–2019),1,Moderate growth (below 3%),volume_mom_pct,-1.8,Sales volume growth,Month-on-month
2003-01-01,2003,1,January,2003Q1,2003-01,Pre-pandemic (1997–2019),1,Moderate growth (below 3%),volume_mom_pct,0.4,Sales volume growth,Month-on-month
2003-02-01,2003,2,February,2003Q1,2003-02,Pre-pandemic (1997–2019),1,Moderate growth (below 3%),volume_mom_pct,0.1,Sales volume growth,Month-on-month
2003-03-01,2003,3,March,2003Q1,2003-03,Pre-pandemic (1997–2019),1,Moderate growth (below 3%),volume_mom_pct,0.5,Sales volume growth,Month-on-month
2003-04-01,2003,4,April,2003Q2,2003-04,Pre-pandemic (1997–2019),1,Moderate growth (below 3%),volume_mom_pct,0.0,Sales volume growth,Month-on-month
2003-05-01,2003,5,May,2003Q2,2003-05,Pre-pandemic (1997–2019),1,Moderate growth (below 3%),volume_mom_pct,0.0,Sales volume growth,Month-on-month
2003-06-01,2003,6,June,2003Q2,2003-06,Pre-pandemic (1997–2019),1,Strong growth (3% or more),volume_mom_pct,1.5,Sales volume growth,Month-on-month
2003-07-01,2003,7,July,2003Q3,2003-07,Pre-pandemic (1997–2019),1,Moderate growth (below 3%),volume_mom_pct,0.5,Sales volume growth,Month-on-month
2003-08-01,2003,8,August,2003Q3,2003-08,Pre-pandemic (1997–2019),1,Moderate growth (below 3%),volume_mom_pct,-0.1,Sales volume growth,Month-on-month
2003-09-01,2003,9,September,2003Q3,2003-09,Pre-pandemic (1997–2019),1,Strong growth (3% or more),volume_mom_pct,1.2,Sales volume growth,Month-on-month
2003-10-01,2003,10,October,2003Q4,2003-10,Pre-pandemic (1997–2019),1,Moderate growth (below 3%),volume_mom_pct,0.0,Sales volume growth,Month-on-month
2003-11-01,2003,11,November,2003Q4,2003-11,Pre-pandemic (1997–2019),1,Moderate growth (below 3%),volume_mom_pct,0.0,Sales volume growth,Month-on-month
2003-12-01,2003,12,December,2003Q4,2003-12,Pre-pandemic (1997–2019),1,Strong growth (3% or more),volume_mom_pct,0.1,Sales volume growth,Month-on-month
2004-01-01,2004,1,January,2004Q1,2004-01,Pre-pandemic (1997–2019),1,Strong growth (3% or more),volume_mom_pct,1.5,Sales volume growth,Month-on-month
2004-02-01,2004,2,February,2004Q1,2004-02,Pre-pandemic (1997–2019),1,Strong growth (3% or more),volume_mom_pct,-0.5,Sales volume growth,Month-on-month
2004-03-01,2004,3,March,2004Q1,2004-03,Pre-pandemic (1997–2019),1,Strong growth (3% or more),volume_mom_pct,0.4,Sales volume growth,Month-on-month
2004-04-01,2004,4,April,2004Q2,2004-04,Pre-pandemic (1997–2019),1,Strong growth (3% or more),volume_mom_pct,0.7,Sales volume growth,Month-on-month
2004-05-01,2004,5,May,2004Q2,2004-05,Pre-pandemic (1997–2019),1,Strong growth (3% or more),volume_mom_pct,0.2,Sales volume growth,Month-on-month
2004-06-01,2004,6,June,2004Q2,2004-06,Pre-pandemic (1997–2019),1,Strong growth (3% or more),volume_mom_pct,0.9,Sales volume growth,Month-on-month
2004-07-01,2004,7,July,2004Q3,2004-07,Pre-pandemic (1997–2019),1,Strong growth (3% or more),volume_mom_pct,0.0,Sales volume growth,Month-on-month
2004-08-01,2004,8,August,2004Q3,2004-08,Pre-pandemic (1997–2019),1,Strong growth (3% or more),volume_mom_pct,0.3,Sales volume growth,Month-on-month
2004-09-01,2004,9,September,2004Q3,2004-09,Pre-pandemic (1997–2019),1,Strong growth (3% or more),volume_mom_pct,0.5,Sales volume growth,Month-on-month
2004-10-01,2004,10,October,2004Q4,2004-10,Pre-pandemic (1997–2019),1,Strong growth (3% or more),volume_mom_pct,-0.1,Sales volume growth,Month-on-month
2004-11-01,2004,11,November,2004Q4,2004-11,Pre-pandemic (1997–2019),1,Strong growth (3% or more),volume_mom_pct,-0.3,Sales volume growth,Month-on-month
2004-12-01,2004,12,December,2004Q4,2004-12,Pre-pandemic (1997–2019),1,Strong growth (3% or more),volume_mom_pct,-0.4,Sales volume growth,Month-on-month
2005-01-01,2005,1,January,2005Q1,2005-01,Pre-pandemic (1997–2019),1,Moderate growth (below 3%),volume_mom_pct,0.0,Sales volume growth,Month-on-month
2005-02-01,2005,2,February,2005Q1,2005-02,Pre-pandemic (1997–2019),1,Moderate growth (below 3%),volume_mom_pct,-0.2,Sales volume growth,Month-on-month
2005-03-01,2005,3,March,2005Q1,2005-03,Pre-pandemic (1997–2019),1,Moderate growth (below 3%),volume_mom_pct,-0.8,Sales volume growth,Month-on-month
2005-04-01,2005,4,April,2005Q2,2005-04,Pre-pandemic (1997–2019),1,Moderate growth (below 3%),volume_mom_pct,0.7,Sales volume growth,Month-on-month
2005-05-01,2005,5,May,2005Q2,2005-05,Pre-pandemic (1997–2019),1,Moderate growth (below 3%),volume_mom_pct,-0.3,Sales volume growth,Month-on-month
2005-06-01,2005,6,June,2005Q2,2005-06,Pre-pandemic (1997–2019),1,Moderate growth (below 3%),volume_mom_pct,0.8,Sales volume growth,Month-on-month
2005-07-01,2005,7,July,2005Q3,2005-07,Pre-pandemic (1997–2019),1,Contraction,volume_mom_pct,-0.3,Sales volume growth,Month-on-month
2005-08-01,2005,8,August,2005Q3,2005-08,Pre-pandemic (1997–2019),1,Contraction,volume_mom_pct,-0.9,Sales volume growth,Month-on-month
2005-09-01,2005,9,September,2005Q3,2005-09,Pre-pandemic (1997–2019),1,Contraction,volume_mom_pct,0.4,Sales volume growth,Month-on-month
2005-10-01,2005,10,October,2005Q4,2005-10,Pre-pandemic (1997–2019),1,Contraction,volume_mom_pct,0.2,Sales volume growth,Month-on-month
2005-11-01,2005,11,November,2005Q4,2005-11,Pre-pandemic (1997–2019),1,Moderate growth (below 3%),volume_mom_pct,1.1,Sales volume growth,Month-on-month
2005-12-01,2005,12,December,2005Q4,2005-12,Pre-pandemic (1997–2019),1,Moderate growth (below 3%),volume_mom_pct,-0.4,Sales volume growth,Month-on-month
2006-01-01,2006,1,January,2006Q1,2006-01,Pre-pandemic (1997–2019),1,Moderate growth (below 3%),volume_mom_pct,0.8,Sales volume growth,Month-on-month
2006-02-01,2006,2,February,2006Q1,2006-02,Pre-pandemic (1997–2019),1,Moderate growth (below 3%),volume_mom_pct,-0.3,Sales volume growth,Month-on-month
2006-03-01,2006,3,March,2006Q1,2006-03,Pre-pandemic (1997–2019),1,Moderate growth (below 3%),volume_mom_pct,1.0,Sales volume growth,Month-on-month
2006-04-01,2006,4,April,2006Q2,2006-04,Pre-pandemic (1997–2019),1,Moderate growth (below 3%),volume_mom_pct,-0.2,Sales volume growth,Month-on-month
2006-05-01,2006,5,May,2006Q2,2006-05,Pre-pandemic (1997–2019),1,Moderate growth (below 3%),volume_mom_pct,0.6,Sales volume growth,Month-on-month
2006-06-01,2006,6,June,2006Q2,2006-06,Pre-pandemic (1997–2019),1,Moderate growth (below 3%),volume_mom_pct,0.4,Sales volume growth,Month-on-month
2006-07-01,2006,7,July,2006Q3,2006-07,Pre-pandemic (1997–2019),1,Moderate growth (below 3%),volume_mom_pct,-0.2,Sales volume growth,Month-on-month
2006-08-01,2006,8,August,2006Q3,2006-08,Pre-pandemic (1997–2019),1,Strong growth (3% or more),volume_mom_pct,-0.1,Sales volume growth,Month-on-month
2006-09-01,2006,9,September,2006Q3,2006-09,Pre-pandemic (1997–2019),1,Moderate growth (below 3%),volume_mom_pct,-0.1,Sales volume growth,Month-on-month
2006-10-01,2006,10,October,2006Q4,2006-10,Pre-pandemic (1997–2019),1,Strong growth (3% or more),volume_mom_pct,1.0,Sales volume growth,Month-on-month
2006-11-01,2006,11,November,2006Q4,2006-11,Pre-pandemic (1997–2019),1,Moderate growth (below 3%),volume_mom_pct,0.3,Sales volume growth,Month-on-month
2006-12-01,2006,12,December,2006Q4,2006-12,Pre-pandemic (1997–2019),1,Strong growth (3% or more),volume_mom_pct,0.6,Sales volume growth,Month-on-month
2007-01-01,2007,1,January,2007Q1,2007-01,Pre-pandemic (1997–2019),1,Moderate growth (below 3%),volume_mom_pct,-1.1,Sales volume growth,Month-on-month
2007-02-01,2007,2,February,2007Q1,2007-02,Pre-pandemic (1997–2019),1,Strong growth (3% or more),volume_mom_pct,1.1,Sales volume growth,Month-on-month
2007-03-01,2007,3,March,2007Q1,2007-03,Pre-pandemic (1997–2019),1,Moderate growth (below 3%),volume_mom_pct,0.7,Sales volume growth,Month-on-month
2007-04-01,2007,4,April,2007Q2,2007-04,Pre-pandemic (1997–2019),1,Strong growth (3% or more),volume_mom_pct,0.7,Sales volume growth,Month-on-month
2007-05-01,2007,5,May,2007Q2,2007-05,Pre-pandemic (1997–2019),1,Moderate growth (below 3%),volume_mom_pct,-0.9,Sales volume growth,Month-on-month
2007-06-01,2007,6,June,2007Q2,2007-06,Pre-pandemic (1997–2019),1,Moderate growth (below 3%),volume_mom_pct,0.1,Sales volume growth,Month-on-month
2007-07-01,2007,7,July,2007Q3,2007-07,Pre-pandemic (1997–2019),1,Moderate growth (below 3%),volume_mom_pct,0.1,Sales volume growth,Month-on-month
2007-08-01,2007,8,August,2007Q3,2007-08,Pre-pandemic (1997–2019),1,Moderate growth (below 3%),volume_mom_pct,0.4,Sales volume growth,Month-on-month
2007-09-01,2007,9,September,2007Q3,2007-09,Pre-pandemic (1997–2019),1,Strong growth (3% or more),volume_mom_pct,0.3,Sales volume growth,Month-on-month
2007-10-01,2007,10,October,2007Q4,2007-10,Pre-pandemic (1997–2019),1,Moderate growth (below 3%),volume_mom_pct,-0.9,Sales volume growth,Month-on-month
2007-11-01,2007,11,November,2007Q4,2007-11,Pre-pandemic (1997–2019),1,Moderate growth (below 3%),volume_mom_pct,0.3,Sales volume growth,Month-on-month
2007-12-01,2007,12,December,2007Q4,2007-12,Pre-pandemic (1997–2019),1,Moderate growth (below 3%),volume_mom_pct,-0.5,Sales volume growth,Month-on-month
2008-01-01,2008,1,January,2008Q1,2008-01,Pre-pandemic (1997–2019),1,Moderate growth (below 3%),volume_mom_pct,0.4,Sales volume growth,Month-on-month
2008-02-01,2008,2,February,2008Q1,2008-02,Pre-pandemic (1997–2019),1,Moderate growth (below 3%),volume_mom_pct,2.0,Sales volume growth,Month-on-month
2008-03-01,2008,3,March,2008Q1,2008-03,Pre-pandemic (1997–2019),1,Contraction,volume_mom_pct,-2.4,Sales volume growth,Month-on-month
2008-04-01,2008,4,April,2008Q2,2008-04,Pre-pandemic (1997–2019),1,Contraction,volume_mom_pct,-0.8,Sales volume growth,Month-on-month
2008-05-01,2008,5,May,2008Q2,2008-05,Pre-pandemic (1997–2019),1,Moderate growth (below 3%),volume_mom_pct,3.0,Sales volume growth,Month-on-month
2008-06-01,2008,6,June,2008Q2,2008-06,Pre-pandemic (1997–2019),1,Contraction,volume_mom_pct,-3.8,Sales volume growth,Month-on-month
2008-07-01,2008,7,July,2008Q3,2008-07,Pre-pandemic (1997–2019),1,Contraction,volume_mom_pct,0.5,Sales volume growth,Month-on-month
2008-08-01,2008,8,August,2008Q3,2008-08,Pre-pandemic (1997–2019),1,Contraction,volume_mom_pct,0.1,Sales volume growth,Month-on-month
2008-09-01,2008,9,September,2008Q3,2008-09,Pre-pandemic (1997–2019),1,Contraction,volume_mom_pct,0.0,Sales volume growth,Month-on-month
2008-10-01,2008,10,October,2008Q4,2008-10,Pre-pandemic (1997–2019),1,Contraction,volume_mom_pct,-0.4,Sales volume growth,Month-on-month
2008-11-01,2008,11,November,2008Q4,2008-11,Pre-pandemic (1997–2019),1,Contraction,volume_mom_pct,0.4,Sales volume growth,Month-on-month
2008-12-01,2008,12,December,2008Q4,2008-12,Pre-pandemic (1997–2019),1,Contraction,volume_mom_pct,0.8,Sales volume growth,Month-on-month
2009-01-01,2009,1,January,2009Q1,2009-01,Pre-pandemic (1997–2019),1,Contraction,volume_mom_pct,0.5,Sales volume growth,Month-on-month
2009-02-01,2009,2,February,2009Q1,2009-02,Pre-pandemic (1997–2019),1,Contraction,volume_mom_pct,-1.9,Sales volume growth,Month-on-month
2009-03-01,2009,3,March,2009Q1,2009-03,Pre-pandemic (1997–2019),1,Contraction,volume_mom_pct,0.5,Sales volume growth,Month-on-month
2009-04-01,2009,4,April,2009Q2,2009-04,Pre-pandemic (1997–2019),1,Contraction,volume_mom_pct,0.3,Sales volume growth,Month-on-month
2009-05-01,2009,5,May,2009Q2,2009-05,Pre-pandemic (1997–2019),1,Contraction,volume_mom_pct,0.1,Sales volume growth,Month-on-month
2009-06-01,2009,6,June,2009Q2,2009-06,Pre-pandemic (1997–2019),1,Moderate growth (below 3%),volume_mom_pct,0.6,Sales volume growth,Month-on-month
2009-07-01,2009,7,July,2009Q3,2009-07,Pre-pandemic (1997–2019),1,Moderate growth (below 3%),volume_mom_pct,0.4,Sales volume growth,Month-on-month
2009-08-01,2009,8,August,2009Q3,2009-08,Pre-pandemic (1997–2019),1,Moderate growth (below 3%),volume_mom_pct,0.2,Sales volume growth,Month-on-month
2009-09-01,2009,9,September,2009Q3,2009-09,Pre-pandemic (1997–2019),1,Moderate growth (below 3%),volume_mom_pct,-0.3,Sales volume growth,Month-on-month
2009-10-01,2009,10,October,2009Q4,2009-10,Pre-pandemic (1997–2019),1,Moderate growth (below 3%),volume_mom_pct,0.3,Sales volume growth,Month-on-month
2009-11-01,2009,11,November,2009Q4,2009-11,Pre-pandemic (1997–2019),1,Moderate growth (below 3%),volume_mom_pct,-0.6,Sales volume growth,Month-on-month
2009-12-01,2009,12,December,2009Q4,2009-12,Pre-pandemic (1997–2019),1,Contraction,volume_mom_pct,-0.8,Sales volume growth,Month-on-month
2010-01-01,2010,1,January,2010Q1,2010-01,Pre-pandemic (1997–2019),1,Contraction,volume_mom_pct,-3.1,Sales volume growth,Month-on-month
2010-02-01,2010,2,February,2010Q1,2010-02,Pre-pandemic (1997–2019),1,Moderate growth (below 3%),volume_mom_pct,2.9,Sales volume growth,Month-on-month
2010-03-01,2010,3,March,2010Q1,2010-03,Pre-pandemic (1997–2019),1,Contraction,volume_mom_pct,-0.7,Sales volume growth,Month-on-month
2010-04-01,2010,4,April,2010Q2,2010-04,Pre-pandemic (1997–2019),1,Contraction,volume_mom_pct,0.6,Sales volume growth,Month-on-month
2010-05-01,2010,5,May,2010Q2,2010-05,Pre-pandemic (1997–2019),1,Contraction,volume_mom_pct,0.2,Sales volume growth,Month-on-month
2010-06-01,2010,6,June,2010Q2,2010-06,Pre-pandemic (1997–2019),1,Contraction,volume_mom_pct,-0.1,Sales volume growth,Month-on-month
2010-07-01,2010,7,July,2010Q3,2010-07,Pre-pandemic (1997–2019),1,Contraction,volume_mom_pct,0.3,Sales volume growth,Month-on-month
2010-08-01,2010,8,August,2010Q3,2010-08,Pre-pandemic (1997–2019),1,Contraction,volume_mom_pct,0.1,Sales volume growth,Month-on-month
2010-09-01,2010,9,September,2010Q3,2010-09,Pre-pandemic (1997–2019),1,Contraction,volume_mom_pct,-1.2,Sales volume growth,Month-on-month
2010-10-01,2010,10,October,2010Q4,2010-10,Pre-pandemic (1997–2019),1,Contraction,volume_mom_pct,0.5,Sales volume growth,Month-on-month
2010-11-01,2010,11,November,2010Q4,2010-11,Pre-pandemic (1997–2019),1,Contraction,volume_mom_pct,0.0,Sales volume growth,Month-on-month
2010-12-01,2010,12,December,2010Q4,2010-12,Pre-pandemic (1997–2019),1,Contraction,volume_mom_pct,-1.8,Sales volume growth,Month-on-month
2011-01-01,2011,1,January,2011Q1,2011-01,Pre-pandemic (1997–2019),1,Moderate growth (below 3%),volume_mom_pct,1.8,Sales volume growth,Month-on-month
2011-02-01,2011,2,February,2011Q1,2011-02,Pre-pandemic (1997–2019),1,Contraction,volume_mom_pct,-0.6,Sales volume growth,Month-on-month
2011-03-01,2011,3,March,2011Q1,2011-03,Pre-pandemic (1997–2019),1,Contraction,volume_mom_pct,0.0,Sales volume growth,Month-on-month
2011-04-01,2011,4,April,2011Q2,2011-04,Pre-pandemic (1997–2019),1,Moderate growth (below 3%),volume_mom_pct,1.5,Sales volume growth,Month-on-month
2011-05-01,2011,5,May,2011Q2,2011-05,Pre-pandemic (1997–2019),1,Contraction,volume_mom_pct,-2.0,Sales volume growth,Month-on-month
2011-06-01,2011,6,June,2011Q2,2011-06,Pre-pandemic (1997–2019),1,Contraction,volume_mom_pct,-0.3,Sales volume growth,Month-on-month
2011-07-01,2011,7,July,2011Q3,2011-07,Pre-pandemic (1997–2019),1,Contraction,volume_mom_pct,0.5,Sales volume growth,Month-on-month
2011-08-01,2011,8,August,2011Q3,2011-08,Pre-pandemic (1997–2019),1,Contraction,volume_mom_pct,-0.3,Sales volume growth,Month-on-month
2011-09-01,2011,9,September,2011Q3,2011-09,Pre-pandemic (1997–2019),1,Contraction,volume_mom_pct,0.2,Sales volume growth,Month-on-month
2011-10-01,2011,10,October,2011Q4,2011-10,Pre-pandemic (1997–2019),1,Contraction,volume_mom_pct,0.9,Sales volume growth,Month-on-month
2011-11-01,2011,11,November,2011Q4,2011-11,Pre-pandemic (1997–2019),1,Contraction,volume_mom_pct,-0.4,Sales volume growth,Month-on-month
2011-12-01,2011,12,December,2011Q4,2011-12,Pre-pandemic (1997–2019),1,Moderate growth (below 3%),volume_mom_pct,0.9,Sales volume growth,Month-on-month
2012-01-01,2012,1,January,2012Q1,2012-01,Pre-pandemic (1997–2019),1,Contraction,volume_mom_pct,-0.5,Sales volume growth,Month-on-month
2012-02-01,2012,2,February,2012Q1,2012-02,Pre-pandemic (1997–2019),1,Contraction,volume_mom_pct,-0.9,Sales volume growth,Month-on-month
2012-03-01,2012,3,March,2012Q1,2012-03,Pre-pandemic (1997–2019),1,Moderate growth (below 3%),volume_mom_pct,2.2,Sales volume growth,Month-on-month
2012-04-01,2012,4,April,2012Q2,2012-04,Pre-pandemic (1997–2019),1,Contraction,volume_mom_pct,-2.5,Sales volume growth,Month-on-month
2012-05-01,2012,5,May,2012Q2,2012-05,Pre-pandemic (1997–2019),1,Moderate growth (below 3%),volume_mom_pct,0.8,Sales volume growth,Month-on-month
2012-06-01,2012,6,June,2012Q2,2012-06,Pre-pandemic (1997–2019),1,Moderate growth (below 3%),volume_mom_pct,0.2,Sales volume growth,Month-on-month
2012-07-01,2012,7,July,2012Q3,2012-07,Pre-pandemic (1997–2019),1,Moderate growth (below 3%),volume_mom_pct,0.0,Sales volume growth,Month-on-month
2012-08-01,2012,8,August,2012Q3,2012-08,Pre-pandemic (1997–2019),1,Moderate growth (below 3%),volume_mom_pct,0.0,Sales volume growth,Month-on-month
2012-09-01,2012,9,September,2012Q3,2012-09,Pre-pandemic (1997–2019),1,Moderate growth (below 3%),volume_mom_pct,0.4,Sales volume growth,Month-on-month
2012-10-01,2012,10,October,2012Q4,2012-10,Pre-pandemic (1997–2019),1,Contraction,volume_mom_pct,-0.9,Sales volume growth,Month-on-month
2012-11-01,2012,11,November,2012Q4,2012-11,Pre-pandemic (1997–2019),1,Contraction,volume_mom_pct,-0.5,Sales volume growth,Month-on-month
2012-12-01,2012,12,December,2012Q4,2012-12,Pre-pandemic (1997–2019),1,Contraction,volume_mom_pct,0.4,Sales volume growth,Month-on-month
2013-01-01,2013,1,January,2013Q1,2013-01,Pre-pandemic (1997–2019),1,Contraction,volume_mom_pct,-0.3,Sales volume growth,Month-on-month
2013-02-01,2013,2,February,2013Q1,2013-02,Pre-pandemic (1997–2019),1,Moderate growth (below 3%),volume_mom_pct,1.6,Sales volume growth,Month-on-month
2013-03-01,2013,3,March,2013Q1,2013-03,Pre-pandemic (1997–2019),1,Contraction,volume_mom_pct,-1.2,Sales volume growth,Month-on-month
2013-04-01,2013,4,April,2013Q2,2013-04,Pre-pandemic (1997–2019),1,Moderate growth (below 3%),volume_mom_pct,0.0,Sales volume growth,Month-on-month
2013-05-01,2013,5,May,2013Q2,2013-05,Pre-pandemic (1997–2019),1,Moderate growth (below 3%),volume_mom_pct,1.1,Sales volume growth,Month-on-month
2013-06-01,2013,6,June,2013Q2,2013-06,Pre-pandemic (1997–2019),1,Moderate growth (below 3%),volume_mom_pct,0.8,Sales volume growth,Month-on-month
2013-07-01,2013,7,July,2013Q3,2013-07,Pre-pandemic (1997–2019),1,Moderate growth (below 3%),volume_mom_pct,0.3,Sales volume growth,Month-on-month
2013-08-01,2013,8,August,2013Q3,2013-08,Pre-pandemic (1997–2019),1,Moderate growth (below 3%),volume_mom_pct,-0.8,Sales volume growth,Month-on-month
2013-09-01,2013,9,September,2013Q3,2013-09,Pre-pandemic (1997–2019),1,Moderate growth (below 3%),volume_mom_pct,1.0,Sales volume growth,Month-on-month
2013-10-01,2013,10,October,2013Q4,2013-10,Pre-pandemic (1997–2019),1,Moderate growth (below 3%),volume_mom_pct,-1.0,Sales volume growth,Month-on-month
2013-11-01,2013,11,November,2013Q4,2013-11,Pre-pandemic (1997–2019),1,Moderate growth (below 3%),volume_mom_pct,0.7,Sales volume growth,Month-on-month
2013-12-01,2013,12,December,2013Q4,2013-12,Pre-pandemic (1997–2019),1,Moderate growth (below 3%),volume_mom_pct,0.6,Sales volume growth,Month-on-month
2014-01-01,2014,1,January,2014Q1,2014-01,Pre-pandemic (1997–2019),1,Strong growth (3% or more),volume_mom_pct,-0.1,Sales volume growth,Month-on-month
2014-02-01,2014,2,February,2014Q1,2014-02,Pre-pandemic (1997–2019),1,Moderate growth (below 3%),volume_mom_pct,0.7,Sales volume growth,Month-on-month
2014-03-01,2014,3,March,2014Q1,2014-03,Pre-pandemic (1997–2019),1,Strong growth (3% or more),volume_mom_pct,1.2,Sales volume growth,Month-on-month
2014-04-01,2014,4,April,2014Q2,2014-04,Pre-pandemic (1997–2019),1,Strong growth (3% or more),volume_mom_pct,-0.3,Sales volume growth,Month-on-month
2014-05-01,2014,5,May,2014Q2,2014-05,Pre-pandemic (1997–2019),1,Strong growth (3% or more),volume_mom_pct,0.5,Sales volume growth,Month-on-month
2014-06-01,2014,6,June,2014Q2,2014-06,Pre-pandemic (1997–2019),1,Strong growth (3% or more),volume_mom_pct,0.2,Sales volume growth,Month-on-month
2014-07-01,2014,7,July,2014Q3,2014-07,Pre-pandemic (1997–2019),1,Strong growth (3% or more),volume_mom_pct,0.3,Sales volume growth,Month-on-month
2014-08-01,2014,8,August,2014Q3,2014-08,Pre-pandemic (1997–2019),1,Strong growth (3% or more),volume_mom_pct,0.2,Sales volume growth,Month-on-month
2014-09-01,2014,9,September,2014Q3,2014-09,Pre-pandemic (1997–2019),1,Moderate growth (below 3%),volume_mom_pct,-0.8,Sales volume growth,Month-on-month
2014-10-01,2014,10,October,2014Q4,2014-10,Pre-pandemic (1997–2019),1,Strong growth (3% or more),volume_mom_pct,1.1,Sales volume growth,Month-on-month
2014-11-01,2014,11,November,2014Q4,2014-11,Pre-pandemic (1997–2019),1,Strong growth (3% or more),volume_mom_pct,0.7,Sales volume growth,Month-on-month
2014-12-01,2014,12,December,2014Q4,2014-12,Pre-pandemic (1997–2019),1,Strong growth (3% or more),volume_mom_pct,2.4,Sales volume growth,Month-on-month
2015-01-01,2015,1,January,2015Q1,2015-01,Pre-pandemic (1997–2019),1,Strong growth (3% or more),volume_mom_pct,-0.8,Sales volume growth,Month-on-month
2015-02-01,2015,2,February,2015Q1,2015-02,Pre-pandemic (1997–2019),1,Strong growth (3% or more),volume_mom_pct,0.0,Sales volume growth,Month-on-month
2015-03-01,2015,3,March,2015Q1,2015-03,Pre-pandemic (1997–2019),1,Strong growth (3% or more),volume_mom_pct,0.2,Sales volume growth,Month-on-month
2015-04-01,2015,4,April,2015Q2,2015-04,Pre-pandemic (1997–2019),1,Strong growth (3% or more),volume_mom_pct,0.7,Sales volume growth,Month-on-month
2015-05-01,2015,5,May,2015Q2,2015-05,Pre-pandemic (1997–2019),1,Strong growth (3% or more),volume_mom_pct,-0.2,Sales volume growth,Month-on-month
2015-06-01,2015,6,June,2015Q2,2015-06,Pre-pandemic (1997–2019),1,Strong growth (3% or more),volume_mom_pct,0.2,Sales volume growth,Month-on-month
2015-07-01,2015,7,July,2015Q3,2015-07,Pre-pandemic (1997–2019),1,Strong growth (3% or more),volume_mom_pct,0.2,Sales volume growth,Month-on-month
2015-08-01,2015,8,August,2015Q3,2015-08,Pre-pandemic (1997–2019),1,Moderate growth (below 3%),volume_mom_pct,-0.6,Sales volume growth,Month-on-month
2015-09-01,2015,9,September,2015Q3,2015-09,Pre-pandemic (1997–2019),1,Strong growth (3% or more),volume_mom_pct,2.2,Sales volume growth,Month-on-month
2015-10-01,2015,10,October,2015Q4,2015-10,Pre-pandemic (1997–2019),1,Strong growth (3% or more),volume_mom_pct,-1.0,Sales volume growth,Month-on-month
2015-11-01,2015,11,November,2015Q4,2015-11,Pre-pandemic (1997–2019),1,Strong growth (3% or more),volume_mom_pct,0.7,Sales volume growth,Month-on-month
2015-12-01,2015,12,December,2015Q4,2015-12,Pre-pandemic (1997–2019),1,Moderate growth (below 3%),volume_mom_pct,0.1,Sales volume growth,Month-on-month
2016-01-01,2016,1,January,2016Q1,2016-01,Pre-pandemic (1997–2019),1,Strong growth (3% or more),volume_mom_pct,2.7,Sales volume growth,Month-on-month
2016-02-01,2016,2,February,2016Q1,2016-02,Pre-pandemic (1997–2019),1,Strong growth (3% or more),volume_mom_pct,-1.1,Sales volume growth,Month-on-month
2016-03-01,2016,3,March,2016Q1,2016-03,Pre-pandemic (1997–2019),1,Strong growth (3% or more),volume_mom_pct,-0.1,Sales volume growth,Month-on-month
2016-04-01,2016,4,April,2016Q2,2016-04,Pre-pandemic (1997–2019),1,Strong growth (3% or more),volume_mom_pct,0.6,Sales volume growth,Month-on-month
2016-05-01,2016,5,May,2016Q2,2016-05,Pre-pandemic (1997–2019),1,Strong growth (3% or more),volume_mom_pct,1.2,Sales volume growth,Month-on-month
2016-06-01,2016,6,June,2016Q2,2016-06,Pre-pandemic (1997–2019),1,Strong growth (3% or more),volume_mom_pct,-1.1,Sales volume growth,Month-on-month
2016-07-01,2016,7,July,2016Q3,2016-07,Pre-pandemic (1997–2019),1,Strong growth (3% or more),volume_mom_pct,1.9,Sales volume growth,Month-on-month
2016-08-01,2016,8,August,2016Q3,2016-08,Pre-pandemic (1997–2019),1,Strong growth (3% or more),volume_mom_pct,-0.2,Sales volume growth,Month-on-month
2016-09-01,2016,9,September,2016Q3,2016-09,Pre-pandemic (1997–2019),1,Strong growth (3% or more),volume_mom_pct,0.4,Sales volume growth,Month-on-month
2016-10-01,2016,10,October,2016Q4,2016-10,Pre-pandemic (1997–2019),1,Strong growth (3% or more),volume_mom_pct,1.7,Sales volume growth,Month-on-month
2016-11-01,2016,11,November,2016Q4,2016-11,Pre-pandemic (1997–2019),1,Strong growth (3% or more),volume_mom_pct,-0.7,Sales volume growth,Month-on-month
2016-12-01,2016,12,December,2016Q4,2016-12,Pre-pandemic (1997–2019),1,Strong growth (3% or more),volume_mom_pct,-0.5,Sales volume growth,Month-on-month
2017-01-01,2017,1,January,2017Q1,2017-01,Pre-pandemic (1997–2019),1,Moderate growth (below 3%),volume_mom_pct,-1.0,Sales volume growth,Month-on-month
2017-02-01,2017,2,February,2017Q1,2017-02,Pre-pandemic (1997–2019),1,Moderate growth (below 3%),volume_mom_pct,0.5,Sales volume growth,Month-on-month
2017-03-01,2017,3,March,2017Q1,2017-03,Pre-pandemic (1997–2019),1,Moderate growth (below 3%),volume_mom_pct,-0.5,Sales volume growth,Month-on-month
2017-04-01,2017,4,April,2017Q2,2017-04,Pre-pandemic (1997–2019),1,Strong growth (3% or more),volume_mom_pct,1.8,Sales volume growth,Month-on-month
2017-05-01,2017,5,May,2017Q2,2017-05,Pre-pandemic (1997–2019),1,Moderate growth (below 3%),volume_mom_pct,-1.5,Sales volume growth,Month-on-month
2017-06-01,2017,6,June,2017Q2,2017-06,Pre-pandemic (1997–2019),1,Moderate growth (below 3%),volume_mom_pct,0.8,Sales volume growth,Month-on-month
2017-07-01,2017,7,July,2017Q3,2017-07,Pre-pandemic (1997–2019),1,Moderate growth (below 3%),volume_mom_pct,-0.1,Sales volume growth,Month-on-month
2017-08-01,2017,8,August,2017Q3,2017-08,Pre-pandemic (1997–2019),1,Moderate growth (below 3%),volume_mom_pct,1.1,Sales volume growth,Month-on-month
2017-09-01,2017,9,September,2017Q3,2017-09,Pre-pandemic (1997–2019),1,Moderate growth (below 3%),volume_mom_pct,-0.2,Sales volume growth,Month-on-month
2017-10-01,2017,10,October,2017Q4,2017-10,Pre-pandemic (1997–2019),1,Contraction,volume_mom_pct,0.3,Sales volume growth,Month-on-month
2017-11-01,2017,11,November,2017Q4,2017-11,Pre-pandemic (1997–2019),1,Moderate growth (below 3%),volume_mom_pct,0.2,Sales volume growth,Month-on-month
2017-12-01,2017,12,December,2017Q4,2017-12,Pre-pandemic (1997–2019),1,Moderate growth (below 3%),volume_mom_pct,0.1,Sales volume growth,Month-on-month
2018-01-01,2018,1,January,2018Q1,2018-01,Pre-pandemic (1997–2019),1,Moderate growth (below 3%),volume_mom_pct,-0.8,Sales volume growth,Month-on-month
2018-02-01,2018,2,February,2018Q1,2018-02,Pre-pandemic (1997–2019),1,Moderate growth (below 3%),volume_mom_pct,0.4,Sales volume growth,Month-on-month
2018-03-01,2018,3,March,2018Q1,2018-03,Pre-pandemic (1997–2019),1,Moderate growth (below 3%),volume_mom_pct,-1.6,Sales volume growth,Month-on-month
2018-04-01,2018,4,April,2018Q2,2018-04,Pre-pandemic (1997–2019),1,Moderate growth (below 3%),volume_mom_pct,1.9,Sales volume growth,Month-on-month
2018-05-01,2018,5,May,2018Q2,2018-05,Pre-pandemic (1997–2019),1,Strong growth (3% or more),volume_mom_pct,1.5,Sales volume growth,Month-on-month
2018-06-01,2018,6,June,2018Q2,2018-06,Pre-pandemic (1997–2019),1,Moderate growth (below 3%),volume_mom_pct,-0.5,Sales volume growth,Month-on-month
2018-07-01,2018,7,July,2018Q3,2018-07,Pre-pandemic (1997–2019),1,Strong growth (3% or more),volume_mom_pct,1.0,Sales volume growth,Month-on-month
2018-08-01,2018,8,August,2018Q3,2018-08,Pre-pandemic (1997–2019),1,Moderate growth (below 3%),volume_mom_pct,0.4,Sales volume growth,Month-on-month
2018-09-01,2018,9,September,2018Q3,2018-09,Pre-pandemic (1997–2019),1,Moderate growth (below 3%),volume_mom_pct,-0.3,Sales volume growth,Month-on-month
2018-10-01,2018,10,October,2018Q4,2018-10,Pre-pandemic (1997–2019),1,Moderate growth (below 3%),volume_mom_pct,-0.6,Sales volume growth,Month-on-month
2018-11-01,2018,11,November,2018Q4,2018-11,Pre-pandemic (1997–2019),1,Moderate growth (below 3%),volume_mom_pct,1.3,Sales volume growth,Month-on-month
2018-12-01,2018,12,December,2018Q4,2018-12,Pre-pandemic (1997–2019),1,Moderate growth (below 3%),volume_mom_pct,0.0,Sales volume growth,Month-on-month
2019-01-01,2019,1,January,2019Q1,2019-01,Pre-pandemic (1997–2019),1,Strong growth (3% or more),volume_mom_pct,0.2,Sales volume growth,Month-on-month
2019-02-01,2019,2,February,2019Q1,2019-02,Pre-pandemic (1997–2019),1,Strong growth (3% or more),volume_mom_pct,0.3,Sales volume growth,Month-on-month
2019-03-01,2019,3,March,2019Q1,2019-03,Pre-pandemic (1997–2019),1,Strong growth (3% or more),volume_mom_pct,1.0,Sales volume growth,Month-on-month
2019-04-01,2019,4,April,2019Q2,2019-04,Pre-pandemic (1997–2019),1,Strong growth (3% or more),volume_mom_pct,0.0,Sales volume growth,Month-on-month
2019-05-01,2019,5,May,2019Q2,2019-05,Pre-pandemic (1997–2019),1,Moderate growth (below 3%),volume_mom_pct,-1.2,Sales volume growth,Month-on-month
2019-06-01,2019,6,June,2019Q2,2019-06,Pre-pandemic (1997–2019),1,Strong growth (3% or more),volume_mom_pct,1.2,Sales volume growth,Month-on-month
2019-07-01,2019,7,July,2019Q3,2019-07,Pre-pandemic (1997–2019),1,Strong growth (3% or more),volume_mom_pct,1.1,Sales volume growth,Month-on-month
2019-08-01,2019,8,August,2019Q3,2019-08,Pre-pandemic (1997–2019),1,Moderate growth (below 3%),volume_mom_pct,-0.6,Sales volume growth,Month-on-month
2019-09-01,2019,9,September,2019Q3,2019-09,Pre-pandemic (1997–2019),1,Moderate growth (below 3%),volume_mom_pct,0.0,Sales volume growth,Month-on-month
2019-10-01,2019,10,October,2019Q4,2019-10,Pre-pandemic (1997–2019),1,Moderate growth (below 3%),volume_mom_pct,-0.6,Sales volume growth,Month-on-month
2019-11-01,2019,11,November,2019Q4,2019-11,Pre-pandemic (1997–2019),1,Moderate growth (below 3%),volume_mom_pct,-0.4,Sales volume growth,Month-on-month
2019-12-01,2019,12,December,2019Q4,2019-12,Pre-pandemic (1997–2019),1,Moderate growth (below 3%),volume_mom_pct,1.0,Sales volume growth,Month-on-month
2020-01-01,2020,1,January,2020Q1,2020-01,COVID-19 disruption (2020–2021),2,Moderate growth (below 3%),volume_mom_pct,-0.1,Sales volume growth,Month-on-month
2020-02-01,2020,2,February,2020Q1,2020-02,COVID-19 disruption (2020–2021),2,Moderate growth (below 3%),volume_mom_pct,-0.6,Sales volume growth,Month-on-month
2020-03-01,2020,3,March,2020Q1,2020-03,COVID-19 disruption (2020–2021),2,Contraction,volume_mom_pct,-6.2,Sales volume growth,Month-on-month
2020-04-01,2020,4,April,2020Q2,2020-04,COVID-19 disruption (2020–2021),2,Contraction,volume_mom_pct,-17.8,Sales volume growth,Month-on-month
2020-05-01,2020,5,May,2020Q2,2020-05,COVID-19 disruption (2020–2021),2,Contraction,volume_mom_pct,13.2,Sales volume growth,Month-on-month
2020-06-01,2020,6,June,2020Q2,2020-06,COVID-19 disruption (2020–2021),2,Contraction,volume_mom_pct,12.2,Sales volume growth,Month-on-month
2020-07-01,2020,7,July,2020Q3,2020-07,COVID-19 disruption (2020–2021),2,Moderate growth (below 3%),volume_mom_pct,4.9,Sales volume growth,Month-on-month
2020-08-01,2020,8,August,2020Q3,2020-08,COVID-19 disruption (2020–2021),2,Strong growth (3% or more),volume_mom_pct,1.7,Sales volume growth,Month-on-month
2020-09-01,2020,9,September,2020Q3,2020-09,COVID-19 disruption (2020–2021),2,Strong growth (3% or more),volume_mom_pct,1.5,Sales volume growth,Month-on-month
2020-10-01,2020,10,October,2020Q4,2020-10,COVID-19 disruption (2020–2021),2,Strong growth (3% or more),volume_mom_pct,0.8,Sales volume growth,Month-on-month
2020-11-01,2020,11,November,2020Q4,2020-11,COVID-19 disruption (2020–2021),2,Moderate growth (below 3%),volume_mom_pct,-4.5,Sales volume growth,Month-on-month
2020-12-01,2020,12,December,2020Q4,2020-12,COVID-19 disruption (2020–2021),2,Moderate growth (below 3%),volume_mom_pct,0.8,Sales volume growth,Month-on-month
2021-01-01,2021,1,January,2021Q1,2021-01,COVID-19 disruption (2020–2021),2,Contraction,volume_mom_pct,-7.4,Sales volume growth,Month-on-month
2021-02-01,2021,2,February,2021Q1,2021-02,COVID-19 disruption (2020–2021),2,Contraction,volume_mom_pct,0.9,Sales volume growth,Month-on-month
2021-03-01,2021,3,March,2021Q1,2021-03,COVID-19 disruption (2020–2021),2,Strong growth (3% or more),volume_mom_pct,4.1,Sales volume growth,Month-on-month
2021-04-01,2021,4,April,2021Q2,2021-04,COVID-19 disruption (2020–2021),2,Strong growth (3% or more),volume_mom_pct,8.5,Sales volume growth,Month-on-month
2021-05-01,2021,5,May,2021Q2,2021-05,COVID-19 disruption (2020–2021),2,Strong growth (3% or more),volume_mom_pct,-2.3,Sales volume growth,Month-on-month
2021-06-01,2021,6,June,2021Q2,2021-06,COVID-19 disruption (2020–2021),2,Strong growth (3% or more),volume_mom_pct,0.6,Sales volume growth,Month-on-month
2021-07-01,2021,7,July,2021Q3,2021-07,COVID-19 disruption (2020–2021),2,Moderate growth (below 3%),volume_mom_pct,-2.1,Sales volume growth,Month-on-month
2021-08-01,2021,8,August,2021Q3,2021-08,COVID-19 disruption (2020–2021),2,Moderate growth (below 3%),volume_mom_pct,0.3,Sales volume growth,Month-on-month
2021-09-01,2021,9,September,2021Q3,2021-09,COVID-19 disruption (2020–2021),2,Contraction,volume_mom_pct,0.1,Sales volume growth,Month-on-month
2021-10-01,2021,10,October,2021Q4,2021-10,COVID-19 disruption (2020–2021),2,Contraction,volume_mom_pct,-0.4,Sales volume growth,Month-on-month
2021-11-01,2021,11,November,2021Q4,2021-11,COVID-19 disruption (2020–2021),2,Moderate growth (below 3%),volume_mom_pct,-0.1,Sales volume growth,Month-on-month
2021-12-01,2021,12,December,2021Q4,2021-12,COVID-19 disruption (2020–2021),2,Moderate growth (below 3%),volume_mom_pct,0.0,Sales volume growth,Month-on-month
2022-01-01,2022,1,January,2022Q1,2022-01,Cost-of-living crisis (2022–2023),3,Strong growth (3% or more),volume_mom_pct,-0.8,Sales volume growth,Month-on-month
2022-02-01,2022,2,February,2022Q1,2022-02,Cost-of-living crisis (2022–2023),3,Strong growth (3% or more),volume_mom_pct,-1.1,Sales volume growth,Month-on-month
2022-03-01,2022,3,March,2022Q1,2022-03,Cost-of-living crisis (2022–2023),3,Moderate growth (below 3%),volume_mom_pct,-0.8,Sales volume growth,Month-on-month
2022-04-01,2022,4,April,2022Q2,2022-04,Cost-of-living crisis (2022–2023),3,Contraction,volume_mom_pct,-0.8,Sales volume growth,Month-on-month
2022-05-01,2022,5,May,2022Q2,2022-05,Cost-of-living crisis (2022–2023),3,Contraction,volume_mom_pct,-1.6,Sales volume growth,Month-on-month
2022-06-01,2022,6,June,2022Q2,2022-06,Cost-of-living crisis (2022–2023),3,Contraction,volume_mom_pct,-0.2,Sales volume growth,Month-on-month
2022-07-01,2022,7,July,2022Q3,2022-07,Cost-of-living crisis (2022–2023),3,Contraction,volume_mom_pct,0.4,Sales volume growth,Month-on-month
2022-08-01,2022,8,August,2022Q3,2022-08,Cost-of-living crisis (2022–2023),3,Contraction,volume_mom_pct,-1.7,Sales volume growth,Month-on-month
2022-09-01,2022,9,September,2022Q3,2022-09,Cost-of-living crisis (2022–2023),3,Contraction,volume_mom_pct,-1.2,Sales volume growth,Month-on-month
2022-10-01,2022,10,October,2022Q4,2022-10,Cost-of-living crisis (2022–2023),3,Contraction,volume_mom_pct,1.2,Sales volume growth,Month-on-month
2022-11-01,2022,11,November,2022Q4,2022-11,Cost-of-living crisis (2022–2023),3,Contraction,volume_mom_pct,-0.9,Sales volume growth,Month-on-month
2022-12-01,2022,12,December,2022Q4,2022-12,Cost-of-living crisis (2022–2023),3,Contraction,volume_mom_pct,0.1,Sales volume growth,Month-on-month
2023-01-01,2023,1,January,2023Q1,2023-01,Cost-of-living crisis (2022–2023),3,Contraction,volume_mom_pct,0.1,Sales volume growth,Month-on-month
2023-02-01,2023,2,February,2023Q1,2023-02,Cost-of-living crisis (2022–2023),3,Contraction,volume_mom_pct,0.4,Sales volume growth,Month-on-month
2023-03-01,2023,3,March,2023Q1,2023-03,Cost-of-living crisis (2022–2023),3,Contraction,volume_mom_pct,-1.3,Sales volume growth,Month-on-month
2023-04-01,2023,4,April,2023Q2,2023-04,Cost-of-living crisis (2022–2023),3,Contraction,volume_mom_pct,1.4,Sales volume growth,Month-on-month
2023-05-01,2023,5,May,2023Q2,2023-05,Cost-of-living crisis (2022–2023),3,Contraction,volume_mom_pct,-1.2,Sales volume growth,Month-on-month
2023-06-01,2023,6,June,2023Q2,2023-06,Cost-of-living crisis (2022–2023),3,Contraction,volume_mom_pct,0.8,Sales volume growth,Month-on-month
2023-07-01,2023,7,July,2023Q3,2023-07,Cost-of-living crisis (2022–2023),3,Contraction,volume_mom_pct,-1.1,Sales volume growth,Month-on-month
2023-08-01,2023,8,August,2023Q3,2023-08,Cost-of-living crisis (2022–2023),3,Contraction,volume_mom_pct,-0.1,Sales volume growth,Month-on-month
2023-09-01,2023,9,September,2023Q3,2023-09,Cost-of-living crisis (2022–2023),3,Contraction,volume_mom_pct,-1.0,Sales volume growth,Month-on-month
2023-10-01,2023,10,October,2023Q4,2023-10,Cost-of-living crisis (2022–2023),3,Contraction,volume_mom_pct,0.6,Sales volume growth,Month-on-month
2023-11-01,2023,11,November,2023Q4,2023-11,Cost-of-living crisis (2022–2023),3,Moderate growth (below 3%),volume_mom_pct,1.6,Sales volume growth,Month-on-month
2023-12-01,2023,12,December,2023Q4,2023-12,Cost-of-living crisis (2022–2023),3,Contraction,volume_mom_pct,-3.6,Sales volume growth,Month-on-month
2024-01-01,2024,1,January,2024Q1,2024-01,Recent period (2024–2026),4,Contraction,volume_mom_pct,3.3,Sales volume growth,Month-on-month
2024-02-01,2024,2,February,2024Q1,2024-02,Recent period (2024–2026),4,Contraction,volume_mom_pct,0.1,Sales volume growth,Month-on-month
2024-03-01,2024,3,March,2024Q1,2024-03,Recent period (2024–2026),4,Contraction,volume_mom_pct,-0.5,Sales volume growth,Month-on-month
2024-04-01,2024,4,April,2024Q2,2024-04,Recent period (2024–2026),4,Contraction,volume_mom_pct,-1.1,Sales volume growth,Month-on-month
2024-05-01,2024,5,May,2024Q2,2024-05,Recent period (2024–2026),4,Moderate growth (below 3%),volume_mom_pct,2.4,Sales volume growth,Month-on-month
2024-06-01,2024,6,June,2024Q2,2024-06,Recent period (2024–2026),4,Contraction,volume_mom_pct,-1.6,Sales volume growth,Month-on-month
2024-07-01,2024,7,July,2024Q3,2024-07,Recent period (2024–2026),4,Moderate growth (below 3%),volume_mom_pct,1.0,Sales volume growth,Month-on-month
2024-08-01,2024,8,August,2024Q3,2024-08,Recent period (2024–2026),4,Moderate growth (below 3%),volume_mom_pct,0.2,Sales volume growth,Month-on-month
2024-09-01,2024,9,September,2024Q3,2024-09,Recent period (2024–2026),4,Moderate growth (below 3%),volume_mom_pct,0.0,Sales volume growth,Month-on-month
2024-10-01,2024,10,October,2024Q4,2024-10,Recent period (2024–2026),4,Moderate growth (below 3%),volume_mom_pct,-0.6,Sales volume growth,Month-on-month
2024-11-01,2024,11,November,2024Q4,2024-11,Recent period (2024–2026),4,Contraction,volume_mom_pct,0.0,Sales volume growth,Month-on-month
2024-12-01,2024,12,December,2024Q4,2024-12,Recent period (2024–2026),4,Strong growth (3% or more),volume_mom_pct,0.1,Sales volume growth,Month-on-month
2025-01-01,2025,1,January,2025Q1,2025-01,Recent period (2024–2026),4,Contraction,volume_mom_pct,-1.2,Sales volume growth,Month-on-month
2025-02-01,2025,2,February,2025Q1,2025-02,Recent period (2024–2026),4,Moderate growth (below 3%),volume_mom_pct,2.2,Sales volume growth,Month-on-month
2025-03-01,2025,3,March,2025Q1,2025-03,Recent period (2024–2026),4,Moderate growth (below 3%),volume_mom_pct,1.0,Sales volume growth,Month-on-month
2025-04-01,2025,4,April,2025Q2,2025-04,Recent period (2024–2026),4,Strong growth (3% or more),volume_mom_pct,-0.1,Sales volume growth,Month-on-month
2025-05-01,2025,5,May,2025Q2,2025-05,Recent period (2024–2026),4,Contraction,volume_mom_pct,-1.9,Sales volume growth,Month-on-month
2025-06-01,2025,6,June,2025Q2,2025-06,Recent period (2024–2026),4,Moderate growth (below 3%),volume_mom_pct,0.4,Sales volume growth,Month-on-month
2025-07-01,2025,7,July,2025Q3,2025-07,Recent period (2024–2026),4,Moderate growth (below 3%),volume_mom_pct,1.7,Sales volume growth,Month-on-month
2025-08-01,2025,8,August,2025Q3,2025-08,Recent period (2024–2026),4,Moderate growth (below 3%),volume_mom_pct,-0.8,Sales volume growth,Month-on-month
2025-09-01,2025,9,September,2025Q3,2025-09,Recent period (2024–2026),4,Moderate growth (below 3%),volume_mom_pct,1.2,Sales volume growth,Month-on-month
2025-10-01,2025,10,October,2025Q4,2025-10,Recent period (2024–2026),4,Moderate growth (below 3%),volume_mom_pct,-0.8,Sales volume growth,Month-on-month
2025-11-01,2025,11,November,2025Q4,2025-11,Recent period (2024–2026),4,Moderate growth (below 3%),volume_mom_pct,-0.4,Sales volume growth,Month-on-month
2025-12-01,2025,12,December,2025Q4,2025-12,Recent period (2024–2026),4,Moderate growth (below 3%),volume_mom_pct,0.0,Sales volume growth,Month-on-month
2026-01-01,2026,1,January,2026Q1,2026-01,Recent period (2024–2026),4,Strong growth (3% or more),volume_mom_pct,1.9,Sales volume growth,Month-on-month
2026-02-01,2026,2,February,2026Q1,2026-02,Recent period (2024–2026),4,Moderate growth (below 3%),volume_mom_pct,-0.7,Sales volume growth,Month-on-month
2026-03-01,2026,3,March,2026Q1,2026-03,Recent period (2024–2026),4,Moderate growth (below 3%),volume_mom_pct,0.4,Sales volume growth,Month-on-month
2026-04-01,2026,4,April,2026Q2,2026-04,Recent period (2024–2026),4,No change,volume_mom_pct,-0.9,Sales volume growth,Month-on-month
2026-05-01,2026,5,May,2026Q2,2026-05,Recent period (2024–2026),4,Strong growth (3% or more),volume_mom_pct,1.2,Sales volume growth,Month-on-month
2026-06-01,2026,6,June,2026Q2,2026-06,Recent period (2024–2026),4,Strong growth (3% or more),volume_mom_pct,0.6,Sales volume growth,Month-on-month
2026-07-01,2026,7,July,2026Q3,2026-07,Recent period (2024–2026),4,Moderate growth (below 3%),volume_mom_pct,-0.5,Sales volume growth,Month-on-month
2026-08-01,2026,8,August,2026Q3,2026-08,Recent period (2024–2026),4,Moderate growth (below 3%),volume_mom_pct,0.5,Sales volume growth,Month-on-month
1997-01-01,1997,1,January,1997Q1,1997-01,Pre-pandemic (1997–2019),1,Strong growth (3% or more),implied_deflator_yoy_pct,2.3,Implied deflator growth,Year-on-year
1997-02-01,1997,2,February,1997Q1,1997-02,Pre-pandemic (1997–2019),1,Strong growth (3% or more),implied_deflator_yoy_pct,1.9,Implied deflator growth,Year-on-year
1997-03-01,1997,3,March,1997Q1,1997-03,Pre-pandemic (1997–2019),1,Strong growth (3% or more),implied_deflator_yoy_pct,1.4,Implied deflator growth,Year-on-year
1997-04-01,1997,4,April,1997Q2,1997-04,Pre-pandemic (1997–2019),1,Strong growth (3% or more),implied_deflator_yoy_pct,1.2,Implied deflator growth,Year-on-year
1997-05-01,1997,5,May,1997Q2,1997-05,Pre-pandemic (1997–2019),1,Strong growth (3% or more),implied_deflator_yoy_pct,1.1,Implied deflator growth,Year-on-year
1997-06-01,1997,6,June,1997Q2,1997-06,Pre-pandemic (1997–2019),1,Strong growth (3% or more),implied_deflator_yoy_pct,1.4,Implied deflator growth,Year-on-year
1997-07-01,1997,7,July,1997Q3,1997-07,Pre-pandemic (1997–2019),1,Strong growth (3% or more),implied_deflator_yoy_pct,2.0,Implied deflator growth,Year-on-year
1997-08-01,1997,8,August,1997Q3,1997-08,Pre-pandemic (1997–2019),1,Strong growth (3% or more),implied_deflator_yoy_pct,2.0,Implied deflator growth,Year-on-year
1997-09-01,1997,9,September,1997Q3,1997-09,Pre-pandemic (1997–2019),1,Moderate growth (below 3%),implied_deflator_yoy_pct,1.8,Implied deflator growth,Year-on-year
1997-10-01,1997,10,October,1997Q4,1997-10,Pre-pandemic (1997–2019),1,Strong growth (3% or more),implied_deflator_yoy_pct,1.8,Implied deflator growth,Year-on-year
1997-11-01,1997,11,November,1997Q4,1997-11,Pre-pandemic (1997–2019),1,Strong growth (3% or more),implied_deflator_yoy_pct,1.6,Implied deflator growth,Year-on-year
1997-12-01,1997,12,December,1997Q4,1997-12,Pre-pandemic (1997–2019),1,Strong growth (3% or more),implied_deflator_yoy_pct,1.5,Implied deflator growth,Year-on-year
1998-01-01,1998,1,January,1998Q1,1998-01,Pre-pandemic (1997–2019),1,Strong growth (3% or more),implied_deflator_yoy_pct,1.1,Implied deflator growth,Year-on-year
1998-02-01,1998,2,February,1998Q1,1998-02,Pre-pandemic (1997–2019),1,Strong growth (3% or more),implied_deflator_yoy_pct,1.5,Implied deflator growth,Year-on-year
1998-03-01,1998,3,March,1998Q1,1998-03,Pre-pandemic (1997–2019),1,Moderate growth (below 3%),implied_deflator_yoy_pct,1.6,Implied deflator growth,Year-on-year
1998-04-01,1998,4,April,1998Q2,1998-04,Pre-pandemic (1997–2019),1,Moderate growth (below 3%),implied_deflator_yoy_pct,1.9,Implied deflator growth,Year-on-year
1998-05-01,1998,5,May,1998Q2,1998-05,Pre-pandemic (1997–2019),1,Strong growth (3% or more),implied_deflator_yoy_pct,2.3,Implied deflator growth,Year-on-year
1998-06-01,1998,6,June,1998Q2,1998-06,Pre-pandemic (1997–2019),1,Moderate growth (below 3%),implied_deflator_yoy_pct,1.9,Implied deflator growth,Year-on-year
1998-07-01,1998,7,July,1998Q3,1998-07,Pre-pandemic (1997–2019),1,Moderate growth (below 3%),implied_deflator_yoy_pct,1.7,Implied deflator growth,Year-on-year
1998-08-01,1998,8,August,1998Q3,1998-08,Pre-pandemic (1997–2019),1,Strong growth (3% or more),implied_deflator_yoy_pct,1.4,Implied deflator growth,Year-on-year
1998-09-01,1998,9,September,1998Q3,1998-09,Pre-pandemic (1997–2019),1,Moderate growth (below 3%),implied_deflator_yoy_pct,1.2,Implied deflator growth,Year-on-year
1998-10-01,1998,10,October,1998Q4,1998-10,Pre-pandemic (1997–2019),1,Moderate growth (below 3%),implied_deflator_yoy_pct,1.2,Implied deflator growth,Year-on-year
1998-11-01,1998,11,November,1998Q4,1998-11,Pre-pandemic (1997–2019),1,Moderate growth (below 3%),implied_deflator_yoy_pct,1.2,Implied deflator growth,Year-on-year
1998-12-01,1998,12,December,1998Q4,1998-12,Pre-pandemic (1997–2019),1,Contraction,implied_deflator_yoy_pct,1.4,Implied deflator growth,Year-on-year
1999-01-01,1999,1,January,1999Q1,1999-01,Pre-pandemic (1997–2019),1,Moderate growth (below 3%),implied_deflator_yoy_pct,1.4,Implied deflator growth,Year-on-year
1999-02-01,1999,2,February,1999Q1,1999-02,Pre-pandemic (1997–2019),1,Moderate growth (below 3%),implied_deflator_yoy_pct,1.2,Implied deflator growth,Year-on-year
1999-03-01,1999,3,March,1999Q1,1999-03,Pre-pandemic (1997–2019),1,Moderate growth (below 3%),implied_deflator_yoy_pct,1.5,Implied deflator growth,Year-on-year
1999-04-01,1999,4,April,1999Q2,1999-04,Pre-pandemic (1997–2019),1,Moderate growth (below 3%),implied_deflator_yoy_pct,1.1,Implied deflator growth,Year-on-year
1999-05-01,1999,5,May,1999Q2,1999-05,Pre-pandemic (1997–2019),1,Moderate growth (below 3%),implied_deflator_yoy_pct,0.8,Implied deflator growth,Year-on-year
1999-06-01,1999,6,June,1999Q2,1999-06,Pre-pandemic (1997–2019),1,Strong growth (3% or more),implied_deflator_yoy_pct,0.8,Implied deflator growth,Year-on-year
1999-07-01,1999,7,July,1999Q3,1999-07,Pre-pandemic (1997–2019),1,Moderate growth (below 3%),implied_deflator_yoy_pct,0.7,Implied deflator growth,Year-on-year
1999-08-01,1999,8,August,1999Q3,1999-08,Pre-pandemic (1997–2019),1,Moderate growth (below 3%),implied_deflator_yoy_pct,0.4,Implied deflator growth,Year-on-year
1999-09-01,1999,9,September,1999Q3,1999-09,Pre-pandemic (1997–2019),1,Moderate growth (below 3%),implied_deflator_yoy_pct,0.5,Implied deflator growth,Year-on-year
1999-10-01,1999,10,October,1999Q4,1999-10,Pre-pandemic (1997–2019),1,Strong growth (3% or more),implied_deflator_yoy_pct,0.3,Implied deflator growth,Year-on-year
1999-11-01,1999,11,November,1999Q4,1999-11,Pre-pandemic (1997–2019),1,Strong growth (3% or more),implied_deflator_yoy_pct,0.4,Implied deflator growth,Year-on-year
1999-12-01,1999,12,December,1999Q4,1999-12,Pre-pandemic (1997–2019),1,Strong growth (3% or more),implied_deflator_yoy_pct,0.3,Implied deflator growth,Year-on-year
2000-01-01,2000,1,January,2000Q1,2000-01,Pre-pandemic (1997–2019),1,Strong growth (3% or more),implied_deflator_yoy_pct,0.4,Implied deflator growth,Year-on-year
2000-02-01,2000,2,February,2000Q1,2000-02,Pre-pandemic (1997–2019),1,Strong growth (3% or more),implied_deflator_yoy_pct,0.5,Implied deflator growth,Year-on-year
2000-03-01,2000,3,March,2000Q1,2000-03,Pre-pandemic (1997–2019),1,Strong growth (3% or more),implied_deflator_yoy_pct,-0.1,Implied deflator growth,Year-on-year
2000-04-01,2000,4,April,2000Q2,2000-04,Pre-pandemic (1997–2019),1,Strong growth (3% or more),implied_deflator_yoy_pct,0.6,Implied deflator growth,Year-on-year
2000-05-01,2000,5,May,2000Q2,2000-05,Pre-pandemic (1997–2019),1,Strong growth (3% or more),implied_deflator_yoy_pct,0.3,Implied deflator growth,Year-on-year
2000-06-01,2000,6,June,2000Q2,2000-06,Pre-pandemic (1997–2019),1,Strong growth (3% or more),implied_deflator_yoy_pct,0.8,Implied deflator growth,Year-on-year
2000-07-01,2000,7,July,2000Q3,2000-07,Pre-pandemic (1997–2019),1,Strong growth (3% or more),implied_deflator_yoy_pct,0.8,Implied deflator growth,Year-on-year
2000-08-01,2000,8,August,2000Q3,2000-08,Pre-pandemic (1997–2019),1,Strong growth (3% or more),implied_deflator_yoy_pct,0.2,Implied deflator growth,Year-on-year
2000-09-01,2000,9,September,2000Q3,2000-09,Pre-pandemic (1997–2019),1,Strong growth (3% or more),implied_deflator_yoy_pct,0.8,Implied deflator growth,Year-on-year
2000-10-01,2000,10,October,2000Q4,2000-10,Pre-pandemic (1997–2019),1,Strong growth (3% or more),implied_deflator_yoy_pct,0.5,Implied deflator growth,Year-on-year
2000-11-01,2000,11,November,2000Q4,2000-11,Pre-pandemic (1997–2019),1,Strong growth (3% or more),implied_deflator_yoy_pct,0.9,Implied deflator growth,Year-on-year
2000-12-01,2000,12,December,2000Q4,2000-12,Pre-pandemic (1997–2019),1,Strong growth (3% or more),implied_deflator_yoy_pct,0.4,Implied deflator growth,Year-on-year
2001-01-01,2001,1,January,2001Q1,2001-01,Pre-pandemic (1997–2019),1,Moderate growth (below 3%),implied_deflator_yoy_pct,0.0,Implied deflator growth,Year-on-year
2001-02-01,2001,2,February,2001Q1,2001-02,Pre-pandemic (1997–2019),1,Strong growth (3% or more),implied_deflator_yoy_pct,-3.8,Implied deflator growth,Year-on-year
2001-03-01,2001,3,March,2001Q1,2001-03,Pre-pandemic (1997–2019),1,Strong growth (3% or more),implied_deflator_yoy_pct,-3.7,Implied deflator growth,Year-on-year
2001-04-01,2001,4,April,2001Q2,2001-04,Pre-pandemic (1997–2019),1,Strong growth (3% or more),implied_deflator_yoy_pct,-4.5,Implied deflator growth,Year-on-year
2001-05-01,2001,5,May,2001Q2,2001-05,Pre-pandemic (1997–2019),1,Strong growth (3% or more),implied_deflator_yoy_pct,-3.5,Implied deflator growth,Year-on-year
2001-06-01,2001,6,June,2001Q2,2001-06,Pre-pandemic (1997–2019),1,Strong growth (3% or more),implied_deflator_yoy_pct,-3.6,Implied deflator growth,Year-on-year
2001-07-01,2001,7,July,2001Q3,2001-07,Pre-pandemic (1997–2019),1,Strong growth (3% or more),implied_deflator_yoy_pct,-4.2,Implied deflator growth,Year-on-year
2001-08-01,2001,8,August,2001Q3,2001-08,Pre-pandemic (1997–2019),1,Strong growth (3% or more),implied_deflator_yoy_pct,-4.0,Implied deflator growth,Year-on-year
2001-09-01,2001,9,September,2001Q3,2001-09,Pre-pandemic (1997–2019),1,Strong growth (3% or more),implied_deflator_yoy_pct,-3.9,Implied deflator growth,Year-on-year
2001-10-01,2001,10,October,2001Q4,2001-10,Pre-pandemic (1997–2019),1,Strong growth (3% or more),implied_deflator_yoy_pct,-4.0,Implied deflator growth,Year-on-year
2001-11-01,2001,11,November,2001Q4,2001-11,Pre-pandemic (1997–2019),1,Strong growth (3% or more),implied_deflator_yoy_pct,-5.1,Implied deflator growth,Year-on-year
2001-12-01,2001,12,December,2001Q4,2001-12,Pre-pandemic (1997–2019),1,Strong growth (3% or more),implied_deflator_yoy_pct,-4.9,Implied deflator growth,Year-on-year
2002-01-01,2002,1,January,2002Q1,2002-01,Pre-pandemic (1997–2019),1,Strong growth (3% or more),implied_deflator_yoy_pct,-4.1,Implied deflator growth,Year-on-year
2002-02-01,2002,2,February,2002Q1,2002-02,Pre-pandemic (1997–2019),1,Strong growth (3% or more),implied_deflator_yoy_pct,-1.0,Implied deflator growth,Year-on-year
2002-03-01,2002,3,March,2002Q1,2002-03,Pre-pandemic (1997–2019),1,Strong growth (3% or more),implied_deflator_yoy_pct,-0.8,Implied deflator growth,Year-on-year
2002-04-01,2002,4,April,2002Q2,2002-04,Pre-pandemic (1997–2019),1,Strong growth (3% or more),implied_deflator_yoy_pct,-0.6,Implied deflator growth,Year-on-year
2002-05-01,2002,5,May,2002Q2,2002-05,Pre-pandemic (1997–2019),1,Strong growth (3% or more),implied_deflator_yoy_pct,-1.8,Implied deflator growth,Year-on-year
2002-06-01,2002,6,June,2002Q2,2002-06,Pre-pandemic (1997–2019),1,Strong growth (3% or more),implied_deflator_yoy_pct,-2.6,Implied deflator growth,Year-on-year
2002-07-01,2002,7,July,2002Q3,2002-07,Pre-pandemic (1997–2019),1,Strong growth (3% or more),implied_deflator_yoy_pct,-1.7,Implied deflator growth,Year-on-year
2002-08-01,2002,8,August,2002Q3,2002-08,Pre-pandemic (1997–2019),1,Strong growth (3% or more),implied_deflator_yoy_pct,-1.8,Implied deflator growth,Year-on-year
2002-09-01,2002,9,September,2002Q3,2002-09,Pre-pandemic (1997–2019),1,Strong growth (3% or more),implied_deflator_yoy_pct,-1.8,Implied deflator growth,Year-on-year
2002-10-01,2002,10,October,2002Q4,2002-10,Pre-pandemic (1997–2019),1,Strong growth (3% or more),implied_deflator_yoy_pct,-1.1,Implied deflator growth,Year-on-year
2002-11-01,2002,11,November,2002Q4,2002-11,Pre-pandemic (1997–2019),1,Strong growth (3% or more),implied_deflator_yoy_pct,-0.8,Implied deflator growth,Year-on-year
2002-12-01,2002,12,December,2002Q4,2002-12,Pre-pandemic (1997–2019),1,Moderate growth (below 3%),implied_deflator_yoy_pct,-0.6,Implied deflator growth,Year-on-year
2003-01-01,2003,1,January,2003Q1,2003-01,Pre-pandemic (1997–2019),1,Moderate growth (below 3%),implied_deflator_yoy_pct,-0.3,Implied deflator growth,Year-on-year
2003-02-01,2003,2,February,2003Q1,2003-02,Pre-pandemic (1997–2019),1,Moderate growth (below 3%),implied_deflator_yoy_pct,0.8,Implied deflator growth,Year-on-year
2003-03-01,2003,3,March,2003Q1,2003-03,Pre-pandemic (1997–2019),1,Moderate growth (below 3%),implied_deflator_yoy_pct,0.9,Implied deflator growth,Year-on-year
2003-04-01,2003,4,April,2003Q2,2003-04,Pre-pandemic (1997–2019),1,Moderate growth (below 3%),implied_deflator_yoy_pct,-0.3,Implied deflator growth,Year-on-year
2003-05-01,2003,5,May,2003Q2,2003-05,Pre-pandemic (1997–2019),1,Moderate growth (below 3%),implied_deflator_yoy_pct,-0.5,Implied deflator growth,Year-on-year
2003-06-01,2003,6,June,2003Q2,2003-06,Pre-pandemic (1997–2019),1,Strong growth (3% or more),implied_deflator_yoy_pct,-0.4,Implied deflator growth,Year-on-year
2003-07-01,2003,7,July,2003Q3,2003-07,Pre-pandemic (1997–2019),1,Moderate growth (below 3%),implied_deflator_yoy_pct,0.0,Implied deflator growth,Year-on-year
2003-08-01,2003,8,August,2003Q3,2003-08,Pre-pandemic (1997–2019),1,Moderate growth (below 3%),implied_deflator_yoy_pct,0.6,Implied deflator growth,Year-on-year
2003-09-01,2003,9,September,2003Q3,2003-09,Pre-pandemic (1997–2019),1,Strong growth (3% or more),implied_deflator_yoy_pct,-0.1,Implied deflator growth,Year-on-year
2003-10-01,2003,10,October,2003Q4,2003-10,Pre-pandemic (1997–2019),1,Moderate growth (below 3%),implied_deflator_yoy_pct,0.1,Implied deflator growth,Year-on-year
2003-11-01,2003,11,November,2003Q4,2003-11,Pre-pandemic (1997–2019),1,Moderate growth (below 3%),implied_deflator_yoy_pct,0.4,Implied deflator growth,Year-on-year
2003-12-01,2003,12,December,2003Q4,2003-12,Pre-pandemic (1997–2019),1,Strong growth (3% or more),implied_deflator_yoy_pct,0.3,Implied deflator growth,Year-on-year
2004-01-01,2004,1,January,2004Q1,2004-01,Pre-pandemic (1997–2019),1,Strong growth (3% or more),implied_deflator_yoy_pct,0.1,Implied deflator growth,Year-on-year
2004-02-01,2004,2,February,2004Q1,2004-02,Pre-pandemic (1997–2019),1,Strong growth (3% or more),implied_deflator_yoy_pct,-0.8,Implied deflator growth,Year-on-year
2004-03-01,2004,3,March,2004Q1,2004-03,Pre-pandemic (1997–2019),1,Strong growth (3% or more),implied_deflator_yoy_pct,-1.3,Implied deflator growth,Year-on-year
2004-04-01,2004,4,April,2004Q2,2004-04,Pre-pandemic (1997–2019),1,Strong growth (3% or more),implied_deflator_yoy_pct,-0.1,Implied deflator growth,Year-on-year
2004-05-01,2004,5,May,2004Q2,2004-05,Pre-pandemic (1997–2019),1,Strong growth (3% or more),implied_deflator_yoy_pct,0.8,Implied deflator growth,Year-on-year
2004-06-01,2004,6,June,2004Q2,2004-06,Pre-pandemic (1997–2019),1,Strong growth (3% or more),implied_deflator_yoy_pct,0.9,Implied deflator growth,Year-on-year
2004-07-01,2004,7,July,2004Q3,2004-07,Pre-pandemic (1997–2019),1,Strong growth (3% or more),implied_deflator_yoy_pct,0.4,Implied deflator growth,Year-on-year
2004-08-01,2004,8,August,2004Q3,2004-08,Pre-pandemic (1997–2019),1,Strong growth (3% or more),implied_deflator_yoy_pct,0.3,Implied deflator growth,Year-on-year
2004-09-01,2004,9,September,2004Q3,2004-09,Pre-pandemic (1997–2019),1,Strong growth (3% or more),implied_deflator_yoy_pct,0.3,Implied deflator growth,Year-on-year
2004-10-01,2004,10,October,2004Q4,2004-10,Pre-pandemic (1997–2019),1,Strong growth (3% or more),implied_deflator_yoy_pct,0.8,Implied deflator growth,Year-on-year
2004-11-01,2004,11,November,2004Q4,2004-11,Pre-pandemic (1997–2019),1,Strong growth (3% or more),implied_deflator_yoy_pct,0.7,Implied deflator growth,Year-on-year
2004-12-01,2004,12,December,2004Q4,2004-12,Pre-pandemic (1997–2019),1,Strong growth (3% or more),implied_deflator_yoy_pct,0.5,Implied deflator growth,Year-on-year
2005-01-01,2005,1,January,2005Q1,2005-01,Pre-pandemic (1997–2019),1,Moderate growth (below 3%),implied_deflator_yoy_pct,0.2,Implied deflator growth,Year-on-year
2005-02-01,2005,2,February,2005Q1,2005-02,Pre-pandemic (1997–2019),1,Moderate growth (below 3%),implied_deflator_yoy_pct,0.4,Implied deflator growth,Year-on-year
2005-03-01,2005,3,March,2005Q1,2005-03,Pre-pandemic (1997–2019),1,Moderate growth (below 3%),implied_deflator_yoy_pct,1.2,Implied deflator growth,Year-on-year
2005-04-01,2005,4,April,2005Q2,2005-04,Pre-pandemic (1997–2019),1,Moderate growth (below 3%),implied_deflator_yoy_pct,1.0,Implied deflator growth,Year-on-year
2005-05-01,2005,5,May,2005Q2,2005-05,Pre-pandemic (1997–2019),1,Moderate growth (below 3%),implied_deflator_yoy_pct,0.4,Implied deflator growth,Year-on-year
2005-06-01,2005,6,June,2005Q2,2005-06,Pre-pandemic (1997–2019),1,Moderate growth (below 3%),implied_deflator_yoy_pct,1.1,Implied deflator growth,Year-on-year
2005-07-01,2005,7,July,2005Q3,2005-07,Pre-pandemic (1997–2019),1,Contraction,implied_deflator_yoy_pct,1.8,Implied deflator growth,Year-on-year
2005-08-01,2005,8,August,2005Q3,2005-08,Pre-pandemic (1997–2019),1,Contraction,implied_deflator_yoy_pct,1.8,Implied deflator growth,Year-on-year
2005-09-01,2005,9,September,2005Q3,2005-09,Pre-pandemic (1997–2019),1,Contraction,implied_deflator_yoy_pct,1.9,Implied deflator growth,Year-on-year
2005-10-01,2005,10,October,2005Q4,2005-10,Pre-pandemic (1997–2019),1,Contraction,implied_deflator_yoy_pct,1.0,Implied deflator growth,Year-on-year
2005-11-01,2005,11,November,2005Q4,2005-11,Pre-pandemic (1997–2019),1,Moderate growth (below 3%),implied_deflator_yoy_pct,0.8,Implied deflator growth,Year-on-year
2005-12-01,2005,12,December,2005Q4,2005-12,Pre-pandemic (1997–2019),1,Moderate growth (below 3%),implied_deflator_yoy_pct,1.1,Implied deflator growth,Year-on-year
2006-01-01,2006,1,January,2006Q1,2006-01,Pre-pandemic (1997–2019),1,Moderate growth (below 3%),implied_deflator_yoy_pct,1.3,Implied deflator growth,Year-on-year
2006-02-01,2006,2,February,2006Q1,2006-02,Pre-pandemic (1997–2019),1,Moderate growth (below 3%),implied_deflator_yoy_pct,1.5,Implied deflator growth,Year-on-year
2006-03-01,2006,3,March,2006Q1,2006-03,Pre-pandemic (1997–2019),1,Moderate growth (below 3%),implied_deflator_yoy_pct,0.6,Implied deflator growth,Year-on-year
2006-04-01,2006,4,April,2006Q2,2006-04,Pre-pandemic (1997–2019),1,Moderate growth (below 3%),implied_deflator_yoy_pct,0.7,Implied deflator growth,Year-on-year
2006-05-01,2006,5,May,2006Q2,2006-05,Pre-pandemic (1997–2019),1,Moderate growth (below 3%),implied_deflator_yoy_pct,1.7,Implied deflator growth,Year-on-year
2006-06-01,2006,6,June,2006Q2,2006-06,Pre-pandemic (1997–2019),1,Moderate growth (below 3%),implied_deflator_yoy_pct,1.7,Implied deflator growth,Year-on-year
2006-07-01,2006,7,July,2006Q3,2006-07,Pre-pandemic (1997–2019),1,Moderate growth (below 3%),implied_deflator_yoy_pct,1.6,Implied deflator growth,Year-on-year
2006-08-01,2006,8,August,2006Q3,2006-08,Pre-pandemic (1997–2019),1,Strong growth (3% or more),implied_deflator_yoy_pct,1.7,Implied deflator growth,Year-on-year
2006-09-01,2006,9,September,2006Q3,2006-09,Pre-pandemic (1997–2019),1,Moderate growth (below 3%),implied_deflator_yoy_pct,1.0,Implied deflator growth,Year-on-year
2006-10-01,2006,10,October,2006Q4,2006-10,Pre-pandemic (1997–2019),1,Strong growth (3% or more),implied_deflator_yoy_pct,0.3,Implied deflator growth,Year-on-year
2006-11-01,2006,11,November,2006Q4,2006-11,Pre-pandemic (1997–2019),1,Moderate growth (below 3%),implied_deflator_yoy_pct,0.8,Implied deflator growth,Year-on-year
2006-12-01,2006,12,December,2006Q4,2006-12,Pre-pandemic (1997–2019),1,Strong growth (3% or more),implied_deflator_yoy_pct,1.4,Implied deflator growth,Year-on-year
2007-01-01,2007,1,January,2007Q1,2007-01,Pre-pandemic (1997–2019),1,Moderate growth (below 3%),implied_deflator_yoy_pct,0.5,Implied deflator growth,Year-on-year
2007-02-01,2007,2,February,2007Q1,2007-02,Pre-pandemic (1997–2019),1,Strong growth (3% or more),implied_deflator_yoy_pct,0.6,Implied deflator growth,Year-on-year
2007-03-01,2007,3,March,2007Q1,2007-03,Pre-pandemic (1997–2019),1,Moderate growth (below 3%),implied_deflator_yoy_pct,1.6,Implied deflator growth,Year-on-year
2007-04-01,2007,4,April,2007Q2,2007-04,Pre-pandemic (1997–2019),1,Strong growth (3% or more),implied_deflator_yoy_pct,1.9,Implied deflator growth,Year-on-year
2007-05-01,2007,5,May,2007Q2,2007-05,Pre-pandemic (1997–2019),1,Moderate growth (below 3%),implied_deflator_yoy_pct,1.3,Implied deflator growth,Year-on-year
2007-06-01,2007,6,June,2007Q2,2007-06,Pre-pandemic (1997–2019),1,Moderate growth (below 3%),implied_deflator_yoy_pct,1.6,Implied deflator growth,Year-on-year
2007-07-01,2007,7,July,2007Q3,2007-07,Pre-pandemic (1997–2019),1,Moderate growth (below 3%),implied_deflator_yoy_pct,0.6,Implied deflator growth,Year-on-year
2007-08-01,2007,8,August,2007Q3,2007-08,Pre-pandemic (1997–2019),1,Moderate growth (below 3%),implied_deflator_yoy_pct,0.2,Implied deflator growth,Year-on-year
2007-09-01,2007,9,September,2007Q3,2007-09,Pre-pandemic (1997–2019),1,Strong growth (3% or more),implied_deflator_yoy_pct,1.1,Implied deflator growth,Year-on-year
2007-10-01,2007,10,October,2007Q4,2007-10,Pre-pandemic (1997–2019),1,Moderate growth (below 3%),implied_deflator_yoy_pct,2.6,Implied deflator growth,Year-on-year
2007-11-01,2007,11,November,2007Q4,2007-11,Pre-pandemic (1997–2019),1,Moderate growth (below 3%),implied_deflator_yoy_pct,3.4,Implied deflator growth,Year-on-year
2007-12-01,2007,12,December,2007Q4,2007-12,Pre-pandemic (1997–2019),1,Moderate growth (below 3%),implied_deflator_yoy_pct,3.2,Implied deflator growth,Year-on-year
2008-01-01,2008,1,January,2008Q1,2008-01,Pre-pandemic (1997–2019),1,Moderate growth (below 3%),implied_deflator_yoy_pct,4.2,Implied deflator growth,Year-on-year
2008-02-01,2008,2,February,2008Q1,2008-02,Pre-pandemic (1997–2019),1,Moderate growth (below 3%),implied_deflator_yoy_pct,4.1,Implied deflator growth,Year-on-year
2008-03-01,2008,3,March,2008Q1,2008-03,Pre-pandemic (1997–2019),1,Contraction,implied_deflator_yoy_pct,4.0,Implied deflator growth,Year-on-year
2008-04-01,2008,4,April,2008Q2,2008-04,Pre-pandemic (1997–2019),1,Contraction,implied_deflator_yoy_pct,4.5,Implied deflator growth,Year-on-year
2008-05-01,2008,5,May,2008Q2,2008-05,Pre-pandemic (1997–2019),1,Moderate growth (below 3%),implied_deflator_yoy_pct,5.3,Implied deflator growth,Year-on-year
2008-06-01,2008,6,June,2008Q2,2008-06,Pre-pandemic (1997–2019),1,Contraction,implied_deflator_yoy_pct,6.3,Implied deflator growth,Year-on-year
2008-07-01,2008,7,July,2008Q3,2008-07,Pre-pandemic (1997–2019),1,Contraction,implied_deflator_yoy_pct,7.5,Implied deflator growth,Year-on-year
2008-08-01,2008,8,August,2008Q3,2008-08,Pre-pandemic (1997–2019),1,Contraction,implied_deflator_yoy_pct,7.1,Implied deflator growth,Year-on-year
2008-09-01,2008,9,September,2008Q3,2008-09,Pre-pandemic (1997–2019),1,Contraction,implied_deflator_yoy_pct,6.6,Implied deflator growth,Year-on-year
2008-10-01,2008,10,October,2008Q4,2008-10,Pre-pandemic (1997–2019),1,Contraction,implied_deflator_yoy_pct,4.6,Implied deflator growth,Year-on-year
2008-11-01,2008,11,November,2008Q4,2008-11,Pre-pandemic (1997–2019),1,Contraction,implied_deflator_yoy_pct,3.1,Implied deflator growth,Year-on-year
2008-12-01,2008,12,December,2008Q4,2008-12,Pre-pandemic (1997–2019),1,Contraction,implied_deflator_yoy_pct,1.1,Implied deflator growth,Year-on-year
2009-01-01,2009,1,January,2009Q1,2009-01,Pre-pandemic (1997–2019),1,Contraction,implied_deflator_yoy_pct,0.6,Implied deflator growth,Year-on-year
2009-02-01,2009,2,February,2009Q1,2009-02,Pre-pandemic (1997–2019),1,Contraction,implied_deflator_yoy_pct,1.8,Implied deflator growth,Year-on-year
2009-03-01,2009,3,March,2009Q1,2009-03,Pre-pandemic (1997–2019),1,Contraction,implied_deflator_yoy_pct,1.1,Implied deflator growth,Year-on-year
2009-04-01,2009,4,April,2009Q2,2009-04,Pre-pandemic (1997–2019),1,Contraction,implied_deflator_yoy_pct,0.5,Implied deflator growth,Year-on-year
2009-05-01,2009,5,May,2009Q2,2009-05,Pre-pandemic (1997–2019),1,Contraction,implied_deflator_yoy_pct,0.1,Implied deflator growth,Year-on-year
2009-06-01,2009,6,June,2009Q2,2009-06,Pre-pandemic (1997–2019),1,Moderate growth (below 3%),implied_deflator_yoy_pct,-1.0,Implied deflator growth,Year-on-year
2009-07-01,2009,7,July,2009Q3,2009-07,Pre-pandemic (1997–2019),1,Moderate growth (below 3%),implied_deflator_yoy_pct,-1.5,Implied deflator growth,Year-on-year
2009-08-01,2009,8,August,2009Q3,2009-08,Pre-pandemic (1997–2019),1,Moderate growth (below 3%),implied_deflator_yoy_pct,-0.7,Implied deflator growth,Year-on-year
2009-09-01,2009,9,September,2009Q3,2009-09,Pre-pandemic (1997–2019),1,Moderate growth (below 3%),implied_deflator_yoy_pct,-0.6,Implied deflator growth,Year-on-year
2009-10-01,2009,10,October,2009Q4,2009-10,Pre-pandemic (1997–2019),1,Moderate growth (below 3%),implied_deflator_yoy_pct,1.1,Implied deflator growth,Year-on-year
2009-11-01,2009,11,November,2009Q4,2009-11,Pre-pandemic (1997–2019),1,Moderate growth (below 3%),implied_deflator_yoy_pct,2.0,Implied deflator growth,Year-on-year
2009-12-01,2009,12,December,2009Q4,2009-12,Pre-pandemic (1997–2019),1,Contraction,implied_deflator_yoy_pct,3.8,Implied deflator growth,Year-on-year
2010-01-01,2010,1,January,2010Q1,2010-01,Pre-pandemic (1997–2019),1,Contraction,implied_deflator_yoy_pct,4.9,Implied deflator growth,Year-on-year
2010-02-01,2010,2,February,2010Q1,2010-02,Pre-pandemic (1997–2019),1,Moderate growth (below 3%),implied_deflator_yoy_pct,3.7,Implied deflator growth,Year-on-year
2010-03-01,2010,3,March,2010Q1,2010-03,Pre-pandemic (1997–2019),1,Contraction,implied_deflator_yoy_pct,4.4,Implied deflator growth,Year-on-year
2010-04-01,2010,4,April,2010Q2,2010-04,Pre-pandemic (1997–2019),1,Contraction,implied_deflator_yoy_pct,5.0,Implied deflator growth,Year-on-year
2010-05-01,2010,5,May,2010Q2,2010-05,Pre-pandemic (1997–2019),1,Contraction,implied_deflator_yoy_pct,4.3,Implied deflator growth,Year-on-year
2010-06-01,2010,6,June,2010Q2,2010-06,Pre-pandemic (1997–2019),1,Contraction,implied_deflator_yoy_pct,3.4,Implied deflator growth,Year-on-year
2010-07-01,2010,7,July,2010Q3,2010-07,Pre-pandemic (1997–2019),1,Contraction,implied_deflator_yoy_pct,3.7,Implied deflator growth,Year-on-year
2010-08-01,2010,8,August,2010Q3,2010-08,Pre-pandemic (1997–2019),1,Contraction,implied_deflator_yoy_pct,3.5,Implied deflator growth,Year-on-year
2010-09-01,2010,9,September,2010Q3,2010-09,Pre-pandemic (1997–2019),1,Contraction,implied_deflator_yoy_pct,4.0,Implied deflator growth,Year-on-year
2010-10-01,2010,10,October,2010Q4,2010-10,Pre-pandemic (1997–2019),1,Contraction,implied_deflator_yoy_pct,3.8,Implied deflator growth,Year-on-year
2010-11-01,2010,11,November,2010Q4,2010-11,Pre-pandemic (1997–2019),1,Contraction,implied_deflator_yoy_pct,4.4,Implied deflator growth,Year-on-year
2010-12-01,2010,12,December,2010Q4,2010-12,Pre-pandemic (1997–2019),1,Contraction,implied_deflator_yoy_pct,5.0,Implied deflator growth,Year-on-year
2011-01-01,2011,1,January,2011Q1,2011-01,Pre-pandemic (1997–2019),1,Moderate growth (below 3%),implied_deflator_yoy_pct,5.2,Implied deflator growth,Year-on-year
2011-02-01,2011,2,February,2011Q1,2011-02,Pre-pandemic (1997–2019),1,Contraction,implied_deflator_yoy_pct,5.8,Implied deflator growth,Year-on-year
2011-03-01,2011,3,March,2011Q1,2011-03,Pre-pandemic (1997–2019),1,Contraction,implied_deflator_yoy_pct,5.3,Implied deflator growth,Year-on-year
2011-04-01,2011,4,April,2011Q2,2011-04,Pre-pandemic (1997–2019),1,Moderate growth (below 3%),implied_deflator_yoy_pct,5.1,Implied deflator growth,Year-on-year
2011-05-01,2011,5,May,2011Q2,2011-05,Pre-pandemic (1997–2019),1,Contraction,implied_deflator_yoy_pct,5.6,Implied deflator growth,Year-on-year
2011-06-01,2011,6,June,2011Q2,2011-06,Pre-pandemic (1997–2019),1,Contraction,implied_deflator_yoy_pct,6.0,Implied deflator growth,Year-on-year
2011-07-01,2011,7,July,2011Q3,2011-07,Pre-pandemic (1997–2019),1,Contraction,implied_deflator_yoy_pct,6.3,Implied deflator growth,Year-on-year
2011-08-01,2011,8,August,2011Q3,2011-08,Pre-pandemic (1997–2019),1,Contraction,implied_deflator_yoy_pct,6.5,Implied deflator growth,Year-on-year
2011-09-01,2011,9,September,2011Q3,2011-09,Pre-pandemic (1997–2019),1,Contraction,implied_deflator_yoy_pct,6.4,Implied deflator growth,Year-on-year
2011-10-01,2011,10,October,2011Q4,2011-10,Pre-pandemic (1997–2019),1,Contraction,implied_deflator_yoy_pct,5.9,Implied deflator growth,Year-on-year
2011-11-01,2011,11,November,2011Q4,2011-11,Pre-pandemic (1997–2019),1,Contraction,implied_deflator_yoy_pct,5.3,Implied deflator growth,Year-on-year
2011-12-01,2011,12,December,2011Q4,2011-12,Pre-pandemic (1997–2019),1,Moderate growth (below 3%),implied_deflator_yoy_pct,4.2,Implied deflator growth,Year-on-year
2012-01-01,2012,1,January,2012Q1,2012-01,Pre-pandemic (1997–2019),1,Contraction,implied_deflator_yoy_pct,3.5,Implied deflator growth,Year-on-year
2012-02-01,2012,2,February,2012Q1,2012-02,Pre-pandemic (1997–2019),1,Contraction,implied_deflator_yoy_pct,3.6,Implied deflator growth,Year-on-year
2012-03-01,2012,3,March,2012Q1,2012-03,Pre-pandemic (1997–2019),1,Moderate growth (below 3%),implied_deflator_yoy_pct,3.7,Implied deflator growth,Year-on-year
2012-04-01,2012,4,April,2012Q2,2012-04,Pre-pandemic (1997–2019),1,Contraction,implied_deflator_yoy_pct,3.2,Implied deflator growth,Year-on-year
2012-05-01,2012,5,May,2012Q2,2012-05,Pre-pandemic (1997–2019),1,Moderate growth (below 3%),implied_deflator_yoy_pct,2.2,Implied deflator growth,Year-on-year
2012-06-01,2012,6,June,2012Q2,2012-06,Pre-pandemic (1997–2019),1,Moderate growth (below 3%),implied_deflator_yoy_pct,1.2,Implied deflator growth,Year-on-year
2012-07-01,2012,7,July,2012Q3,2012-07,Pre-pandemic (1997–2019),1,Moderate growth (below 3%),implied_deflator_yoy_pct,1.2,Implied deflator growth,Year-on-year
2012-08-01,2012,8,August,2012Q3,2012-08,Pre-pandemic (1997–2019),1,Moderate growth (below 3%),implied_deflator_yoy_pct,1.4,Implied deflator growth,Year-on-year
2012-09-01,2012,9,September,2012Q3,2012-09,Pre-pandemic (1997–2019),1,Moderate growth (below 3%),implied_deflator_yoy_pct,1.7,Implied deflator growth,Year-on-year
2012-10-01,2012,10,October,2012Q4,2012-10,Pre-pandemic (1997–2019),1,Contraction,implied_deflator_yoy_pct,2.2,Implied deflator growth,Year-on-year
2012-11-01,2012,11,November,2012Q4,2012-11,Pre-pandemic (1997–2019),1,Contraction,implied_deflator_yoy_pct,1.9,Implied deflator growth,Year-on-year
2012-12-01,2012,12,December,2012Q4,2012-12,Pre-pandemic (1997–2019),1,Contraction,implied_deflator_yoy_pct,2.1,Implied deflator growth,Year-on-year
2013-01-01,2013,1,January,2013Q1,2013-01,Pre-pandemic (1997–2019),1,Contraction,implied_deflator_yoy_pct,2.0,Implied deflator growth,Year-on-year
2013-02-01,2013,2,February,2013Q1,2013-02,Pre-pandemic (1997–2019),1,Moderate growth (below 3%),implied_deflator_yoy_pct,1.8,Implied deflator growth,Year-on-year
2013-03-01,2013,3,March,2013Q1,2013-03,Pre-pandemic (1997–2019),1,Contraction,implied_deflator_yoy_pct,1.5,Implied deflator growth,Year-on-year
2013-04-01,2013,4,April,2013Q2,2013-04,Pre-pandemic (1997–2019),1,Moderate growth (below 3%),implied_deflator_yoy_pct,1.1,Implied deflator growth,Year-on-year
2013-05-01,2013,5,May,2013Q2,2013-05,Pre-pandemic (1997–2019),1,Moderate growth (below 3%),implied_deflator_yoy_pct,1.4,Implied deflator growth,Year-on-year
2013-06-01,2013,6,June,2013Q2,2013-06,Pre-pandemic (1997–2019),1,Moderate growth (below 3%),implied_deflator_yoy_pct,2.2,Implied deflator growth,Year-on-year
2013-07-01,2013,7,July,2013Q3,2013-07,Pre-pandemic (1997–2019),1,Moderate growth (below 3%),implied_deflator_yoy_pct,2.2,Implied deflator growth,Year-on-year
2013-08-01,2013,8,August,2013Q3,2013-08,Pre-pandemic (1997–2019),1,Moderate growth (below 3%),implied_deflator_yoy_pct,2.0,Implied deflator growth,Year-on-year
2013-09-01,2013,9,September,2013Q3,2013-09,Pre-pandemic (1997–2019),1,Moderate growth (below 3%),implied_deflator_yoy_pct,1.5,Implied deflator growth,Year-on-year
2013-10-01,2013,10,October,2013Q4,2013-10,Pre-pandemic (1997–2019),1,Moderate growth (below 3%),implied_deflator_yoy_pct,1.2,Implied deflator growth,Year-on-year
2013-11-01,2013,11,November,2013Q4,2013-11,Pre-pandemic (1997–2019),1,Moderate growth (below 3%),implied_deflator_yoy_pct,1.1,Implied deflator growth,Year-on-year
2013-12-01,2013,12,December,2013Q4,2013-12,Pre-pandemic (1997–2019),1,Moderate growth (below 3%),implied_deflator_yoy_pct,1.1,Implied deflator growth,Year-on-year
2014-01-01,2014,1,January,2014Q1,2014-01,Pre-pandemic (1997–2019),1,Strong growth (3% or more),implied_deflator_yoy_pct,0.9,Implied deflator growth,Year-on-year
2014-02-01,2014,2,February,2014Q1,2014-02,Pre-pandemic (1997–2019),1,Moderate growth (below 3%),implied_deflator_yoy_pct,0.4,Implied deflator growth,Year-on-year
2014-03-01,2014,3,March,2014Q1,2014-03,Pre-pandemic (1997–2019),1,Strong growth (3% or more),implied_deflator_yoy_pct,0.1,Implied deflator growth,Year-on-year
2014-04-01,2014,4,April,2014Q2,2014-04,Pre-pandemic (1997–2019),1,Strong growth (3% or more),implied_deflator_yoy_pct,0.1,Implied deflator growth,Year-on-year
2014-05-01,2014,5,May,2014Q2,2014-05,Pre-pandemic (1997–2019),1,Strong growth (3% or more),implied_deflator_yoy_pct,0.0,Implied deflator growth,Year-on-year
2014-06-01,2014,6,June,2014Q2,2014-06,Pre-pandemic (1997–2019),1,Strong growth (3% or more),implied_deflator_yoy_pct,0.5,Implied deflator growth,Year-on-year
2014-07-01,2014,7,July,2014Q3,2014-07,Pre-pandemic (1997–2019),1,Strong growth (3% or more),implied_deflator_yoy_pct,-0.3,Implied deflator growth,Year-on-year
2014-08-01,2014,8,August,2014Q3,2014-08,Pre-pandemic (1997–2019),1,Strong growth (3% or more),implied_deflator_yoy_pct,-0.6,Implied deflator growth,Year-on-year
2014-09-01,2014,9,September,2014Q3,2014-09,Pre-pandemic (1997–2019),1,Moderate growth (below 3%),implied_deflator_yoy_pct,-1.0,Implied deflator growth,Year-on-year
2014-10-01,2014,10,October,2014Q4,2014-10,Pre-pandemic (1997–2019),1,Strong growth (3% or more),implied_deflator_yoy_pct,-0.9,Implied deflator growth,Year-on-year
2014-11-01,2014,11,November,2014Q4,2014-11,Pre-pandemic (1997–2019),1,Strong growth (3% or more),implied_deflator_yoy_pct,-1.4,Implied deflator growth,Year-on-year
2014-12-01,2014,12,December,2014Q4,2014-12,Pre-pandemic (1997–2019),1,Strong growth (3% or more),implied_deflator_yoy_pct,-1.8,Implied deflator growth,Year-on-year
2015-01-01,2015,1,January,2015Q1,2015-01,Pre-pandemic (1997–2019),1,Strong growth (3% or more),implied_deflator_yoy_pct,-3.0,Implied deflator growth,Year-on-year
2015-02-01,2015,2,February,2015Q1,2015-02,Pre-pandemic (1997–2019),1,Strong growth (3% or more),implied_deflator_yoy_pct,-3.4,Implied deflator growth,Year-on-year
2015-03-01,2015,3,March,2015Q1,2015-03,Pre-pandemic (1997–2019),1,Strong growth (3% or more),implied_deflator_yoy_pct,-3.2,Implied deflator growth,Year-on-year
2015-04-01,2015,4,April,2015Q2,2015-04,Pre-pandemic (1997–2019),1,Strong growth (3% or more),implied_deflator_yoy_pct,-3.0,Implied deflator growth,Year-on-year
2015-05-01,2015,5,May,2015Q2,2015-05,Pre-pandemic (1997–2019),1,Strong growth (3% or more),implied_deflator_yoy_pct,-2.7,Implied deflator growth,Year-on-year
2015-06-01,2015,6,June,2015Q2,2015-06,Pre-pandemic (1997–2019),1,Strong growth (3% or more),implied_deflator_yoy_pct,-2.8,Implied deflator growth,Year-on-year
2015-07-01,2015,7,July,2015Q3,2015-07,Pre-pandemic (1997–2019),1,Strong growth (3% or more),implied_deflator_yoy_pct,-2.8,Implied deflator growth,Year-on-year
2015-08-01,2015,8,August,2015Q3,2015-08,Pre-pandemic (1997–2019),1,Moderate growth (below 3%),implied_deflator_yoy_pct,-3.1,Implied deflator growth,Year-on-year
2015-09-01,2015,9,September,2015Q3,2015-09,Pre-pandemic (1997–2019),1,Strong growth (3% or more),implied_deflator_yoy_pct,-3.4,Implied deflator growth,Year-on-year
2015-10-01,2015,10,October,2015Q4,2015-10,Pre-pandemic (1997–2019),1,Strong growth (3% or more),implied_deflator_yoy_pct,-3.1,Implied deflator growth,Year-on-year
2015-11-01,2015,11,November,2015Q4,2015-11,Pre-pandemic (1997–2019),1,Strong growth (3% or more),implied_deflator_yoy_pct,-3.0,Implied deflator growth,Year-on-year
2015-12-01,2015,12,December,2015Q4,2015-12,Pre-pandemic (1997–2019),1,Moderate growth (below 3%),implied_deflator_yoy_pct,-3.2,Implied deflator growth,Year-on-year
2016-01-01,2016,1,January,2016Q1,2016-01,Pre-pandemic (1997–2019),1,Strong growth (3% or more),implied_deflator_yoy_pct,-2.3,Implied deflator growth,Year-on-year
2016-02-01,2016,2,February,2016Q1,2016-02,Pre-pandemic (1997–2019),1,Strong growth (3% or more),implied_deflator_yoy_pct,-2.4,Implied deflator growth,Year-on-year
2016-03-01,2016,3,March,2016Q1,2016-03,Pre-pandemic (1997–2019),1,Strong growth (3% or more),implied_deflator_yoy_pct,-2.5,Implied deflator growth,Year-on-year
2016-04-01,2016,4,April,2016Q2,2016-04,Pre-pandemic (1997–2019),1,Strong growth (3% or more),implied_deflator_yoy_pct,-2.4,Implied deflator growth,Year-on-year
2016-05-01,2016,5,May,2016Q2,2016-05,Pre-pandemic (1997–2019),1,Strong growth (3% or more),implied_deflator_yoy_pct,-2.5,Implied deflator growth,Year-on-year
2016-06-01,2016,6,June,2016Q2,2016-06,Pre-pandemic (1997–2019),1,Strong growth (3% or more),implied_deflator_yoy_pct,-2.3,Implied deflator growth,Year-on-year
2016-07-01,2016,7,July,2016Q3,2016-07,Pre-pandemic (1997–2019),1,Strong growth (3% or more),implied_deflator_yoy_pct,-1.9,Implied deflator growth,Year-on-year
2016-08-01,2016,8,August,2016Q3,2016-08,Pre-pandemic (1997–2019),1,Strong growth (3% or more),implied_deflator_yoy_pct,-1.7,Implied deflator growth,Year-on-year
2016-09-01,2016,9,September,2016Q3,2016-09,Pre-pandemic (1997–2019),1,Strong growth (3% or more),implied_deflator_yoy_pct,-0.8,Implied deflator growth,Year-on-year
2016-10-01,2016,10,October,2016Q4,2016-10,Pre-pandemic (1997–2019),1,Strong growth (3% or more),implied_deflator_yoy_pct,-0.4,Implied deflator growth,Year-on-year
2016-11-01,2016,11,November,2016Q4,2016-11,Pre-pandemic (1997–2019),1,Strong growth (3% or more),implied_deflator_yoy_pct,0.4,Implied deflator growth,Year-on-year
2016-12-01,2016,12,December,2016Q4,2016-12,Pre-pandemic (1997–2019),1,Strong growth (3% or more),implied_deflator_yoy_pct,1.1,Implied deflator growth,Year-on-year
2017-01-01,2017,1,January,2017Q1,2017-01,Pre-pandemic (1997–2019),1,Moderate growth (below 3%),implied_deflator_yoy_pct,2.2,Implied deflator growth,Year-on-year
2017-02-01,2017,2,February,2017Q1,2017-02,Pre-pandemic (1997–2019),1,Moderate growth (below 3%),implied_deflator_yoy_pct,3.1,Implied deflator growth,Year-on-year
2017-03-01,2017,3,March,2017Q1,2017-03,Pre-pandemic (1997–2019),1,Moderate growth (below 3%),implied_deflator_yoy_pct,3.4,Implied deflator growth,Year-on-year
2017-04-01,2017,4,April,2017Q2,2017-04,Pre-pandemic (1997–2019),1,Strong growth (3% or more),implied_deflator_yoy_pct,3.1,Implied deflator growth,Year-on-year
2017-05-01,2017,5,May,2017Q2,2017-05,Pre-pandemic (1997–2019),1,Moderate growth (below 3%),implied_deflator_yoy_pct,3.2,Implied deflator growth,Year-on-year
2017-06-01,2017,6,June,2017Q2,2017-06,Pre-pandemic (1997–2019),1,Moderate growth (below 3%),implied_deflator_yoy_pct,2.7,Implied deflator growth,Year-on-year
2017-07-01,2017,7,July,2017Q3,2017-07,Pre-pandemic (1997–2019),1,Moderate growth (below 3%),implied_deflator_yoy_pct,2.7,Implied deflator growth,Year-on-year
2017-08-01,2017,8,August,2017Q3,2017-08,Pre-pandemic (1997–2019),1,Moderate growth (below 3%),implied_deflator_yoy_pct,3.2,Implied deflator growth,Year-on-year
2017-09-01,2017,9,September,2017Q3,2017-09,Pre-pandemic (1997–2019),1,Moderate growth (below 3%),implied_deflator_yoy_pct,3.4,Implied deflator growth,Year-on-year
2017-10-01,2017,10,October,2017Q4,2017-10,Pre-pandemic (1997–2019),1,Contraction,implied_deflator_yoy_pct,3.0,Implied deflator growth,Year-on-year
2017-11-01,2017,11,November,2017Q4,2017-11,Pre-pandemic (1997–2019),1,Moderate growth (below 3%),implied_deflator_yoy_pct,3.2,Implied deflator growth,Year-on-year
2017-12-01,2017,12,December,2017Q4,2017-12,Pre-pandemic (1997–2019),1,Moderate growth (below 3%),implied_deflator_yoy_pct,3.3,Implied deflator growth,Year-on-year
2018-01-01,2018,1,January,2018Q1,2018-01,Pre-pandemic (1997–2019),1,Moderate growth (below 3%),implied_deflator_yoy_pct,2.9,Implied deflator growth,Year-on-year
2018-02-01,2018,2,February,2018Q1,2018-02,Pre-pandemic (1997–2019),1,Moderate growth (below 3%),implied_deflator_yoy_pct,2.6,Implied deflator growth,Year-on-year
2018-03-01,2018,3,March,2018Q1,2018-03,Pre-pandemic (1997–2019),1,Moderate growth (below 3%),implied_deflator_yoy_pct,2.2,Implied deflator growth,Year-on-year
2018-04-01,2018,4,April,2018Q2,2018-04,Pre-pandemic (1997–2019),1,Moderate growth (below 3%),implied_deflator_yoy_pct,2.5,Implied deflator growth,Year-on-year
2018-05-01,2018,5,May,2018Q2,2018-05,Pre-pandemic (1997–2019),1,Strong growth (3% or more),implied_deflator_yoy_pct,2.8,Implied deflator growth,Year-on-year
2018-06-01,2018,6,June,2018Q2,2018-06,Pre-pandemic (1997–2019),1,Moderate growth (below 3%),implied_deflator_yoy_pct,2.8,Implied deflator growth,Year-on-year
2018-07-01,2018,7,July,2018Q3,2018-07,Pre-pandemic (1997–2019),1,Strong growth (3% or more),implied_deflator_yoy_pct,2.6,Implied deflator growth,Year-on-year
2018-08-01,2018,8,August,2018Q3,2018-08,Pre-pandemic (1997–2019),1,Moderate growth (below 3%),implied_deflator_yoy_pct,2.7,Implied deflator growth,Year-on-year
2018-09-01,2018,9,September,2018Q3,2018-09,Pre-pandemic (1997–2019),1,Moderate growth (below 3%),implied_deflator_yoy_pct,2.2,Implied deflator growth,Year-on-year
2018-10-01,2018,10,October,2018Q4,2018-10,Pre-pandemic (1997–2019),1,Moderate growth (below 3%),implied_deflator_yoy_pct,2.1,Implied deflator growth,Year-on-year
2018-11-01,2018,11,November,2018Q4,2018-11,Pre-pandemic (1997–2019),1,Moderate growth (below 3%),implied_deflator_yoy_pct,1.7,Implied deflator growth,Year-on-year
2018-12-01,2018,12,December,2018Q4,2018-12,Pre-pandemic (1997–2019),1,Moderate growth (below 3%),implied_deflator_yoy_pct,1.1,Implied deflator growth,Year-on-year
2019-01-01,2019,1,January,2019Q1,2019-01,Pre-pandemic (1997–2019),1,Strong growth (3% or more),implied_deflator_yoy_pct,0.6,Implied deflator growth,Year-on-year
2019-02-01,2019,2,February,2019Q1,2019-02,Pre-pandemic (1997–2019),1,Strong growth (3% or more),implied_deflator_yoy_pct,0.7,Implied deflator growth,Year-on-year
2019-03-01,2019,3,March,2019Q1,2019-03,Pre-pandemic (1997–2019),1,Strong growth (3% or more),implied_deflator_yoy_pct,0.8,Implied deflator growth,Year-on-year
2019-04-01,2019,4,April,2019Q2,2019-04,Pre-pandemic (1997–2019),1,Strong growth (3% or more),implied_deflator_yoy_pct,0.5,Implied deflator growth,Year-on-year
2019-05-01,2019,5,May,2019Q2,2019-05,Pre-pandemic (1997–2019),1,Moderate growth (below 3%),implied_deflator_yoy_pct,0.7,Implied deflator growth,Year-on-year
2019-06-01,2019,6,June,2019Q2,2019-06,Pre-pandemic (1997–2019),1,Strong growth (3% or more),implied_deflator_yoy_pct,0.8,Implied deflator growth,Year-on-year
2019-07-01,2019,7,July,2019Q3,2019-07,Pre-pandemic (1997–2019),1,Strong growth (3% or more),implied_deflator_yoy_pct,1.0,Implied deflator growth,Year-on-year
2019-08-01,2019,8,August,2019Q3,2019-08,Pre-pandemic (1997–2019),1,Moderate growth (below 3%),implied_deflator_yoy_pct,0.8,Implied deflator growth,Year-on-year
2019-09-01,2019,9,September,2019Q3,2019-09,Pre-pandemic (1997–2019),1,Moderate growth (below 3%),implied_deflator_yoy_pct,0.5,Implied deflator growth,Year-on-year
2019-10-01,2019,10,October,2019Q4,2019-10,Pre-pandemic (1997–2019),1,Moderate growth (below 3%),implied_deflator_yoy_pct,0.3,Implied deflator growth,Year-on-year
2019-11-01,2019,11,November,2019Q4,2019-11,Pre-pandemic (1997–2019),1,Moderate growth (below 3%),implied_deflator_yoy_pct,0.5,Implied deflator growth,Year-on-year
2019-12-01,2019,12,December,2019Q4,2019-12,Pre-pandemic (1997–2019),1,Moderate growth (below 3%),implied_deflator_yoy_pct,0.7,Implied deflator growth,Year-on-year
2020-01-01,2020,1,January,2020Q1,2020-01,COVID-19 disruption (2020–2021),2,Moderate growth (below 3%),implied_deflator_yoy_pct,1.4,Implied deflator growth,Year-on-year
2020-02-01,2020,2,February,2020Q1,2020-02,COVID-19 disruption (2020–2021),2,Moderate growth (below 3%),implied_deflator_yoy_pct,0.6,Implied deflator growth,Year-on-year
2020-03-01,2020,3,March,2020Q1,2020-03,COVID-19 disruption (2020–2021),2,Contraction,implied_deflator_yoy_pct,-0.1,Implied deflator growth,Year-on-year
2020-04-01,2020,4,April,2020Q2,2020-04,COVID-19 disruption (2020–2021),2,Contraction,implied_deflator_yoy_pct,-0.9,Implied deflator growth,Year-on-year
2020-05-01,2020,5,May,2020Q2,2020-05,COVID-19 disruption (2020–2021),2,Contraction,implied_deflator_yoy_pct,-1.8,Implied deflator growth,Year-on-year
2020-06-01,2020,6,June,2020Q2,2020-06,COVID-19 disruption (2020–2021),2,Contraction,implied_deflator_yoy_pct,-1.6,Implied deflator growth,Year-on-year
2020-07-01,2020,7,July,2020Q3,2020-07,COVID-19 disruption (2020–2021),2,Moderate growth (below 3%),implied_deflator_yoy_pct,-0.9,Implied deflator growth,Year-on-year
2020-08-01,2020,8,August,2020Q3,2020-08,COVID-19 disruption (2020–2021),2,Strong growth (3% or more),implied_deflator_yoy_pct,-1.4,Implied deflator growth,Year-on-year
2020-09-01,2020,9,September,2020Q3,2020-09,COVID-19 disruption (2020–2021),2,Strong growth (3% or more),implied_deflator_yoy_pct,-1.6,Implied deflator growth,Year-on-year
2020-10-01,2020,10,October,2020Q4,2020-10,COVID-19 disruption (2020–2021),2,Strong growth (3% or more),implied_deflator_yoy_pct,-1.0,Implied deflator growth,Year-on-year
2020-11-01,2020,11,November,2020Q4,2020-11,COVID-19 disruption (2020–2021),2,Moderate growth (below 3%),implied_deflator_yoy_pct,-2.0,Implied deflator growth,Year-on-year
2020-12-01,2020,12,December,2020Q4,2020-12,COVID-19 disruption (2020–2021),2,Moderate growth (below 3%),implied_deflator_yoy_pct,-1.3,Implied deflator growth,Year-on-year
2021-01-01,2021,1,January,2021Q1,2021-01,COVID-19 disruption (2020–2021),2,Contraction,implied_deflator_yoy_pct,-1.2,Implied deflator growth,Year-on-year
2021-02-01,2021,2,February,2021Q1,2021-02,COVID-19 disruption (2020–2021),2,Contraction,implied_deflator_yoy_pct,-0.7,Implied deflator growth,Year-on-year
2021-03-01,2021,3,March,2021Q1,2021-03,COVID-19 disruption (2020–2021),2,Strong growth (3% or more),implied_deflator_yoy_pct,0.1,Implied deflator growth,Year-on-year
2021-04-01,2021,4,April,2021Q2,2021-04,COVID-19 disruption (2020–2021),2,Strong growth (3% or more),implied_deflator_yoy_pct,1.5,Implied deflator growth,Year-on-year
2021-05-01,2021,5,May,2021Q2,2021-05,COVID-19 disruption (2020–2021),2,Strong growth (3% or more),implied_deflator_yoy_pct,2.6,Implied deflator growth,Year-on-year
2021-06-01,2021,6,June,2021Q2,2021-06,COVID-19 disruption (2020–2021),2,Strong growth (3% or more),implied_deflator_yoy_pct,3.3,Implied deflator growth,Year-on-year
2021-07-01,2021,7,July,2021Q3,2021-07,COVID-19 disruption (2020–2021),2,Moderate growth (below 3%),implied_deflator_yoy_pct,3.1,Implied deflator growth,Year-on-year
2021-08-01,2021,8,August,2021Q3,2021-08,COVID-19 disruption (2020–2021),2,Moderate growth (below 3%),implied_deflator_yoy_pct,3.8,Implied deflator growth,Year-on-year
2021-09-01,2021,9,September,2021Q3,2021-09,COVID-19 disruption (2020–2021),2,Contraction,implied_deflator_yoy_pct,4.1,Implied deflator growth,Year-on-year
2021-10-01,2021,10,October,2021Q4,2021-10,COVID-19 disruption (2020–2021),2,Contraction,implied_deflator_yoy_pct,4.6,Implied deflator growth,Year-on-year
2021-11-01,2021,11,November,2021Q4,2021-11,COVID-19 disruption (2020–2021),2,Moderate growth (below 3%),implied_deflator_yoy_pct,6.5,Implied deflator growth,Year-on-year
2021-12-01,2021,12,December,2021Q4,2021-12,COVID-19 disruption (2020–2021),2,Moderate growth (below 3%),implied_deflator_yoy_pct,6.7,Implied deflator growth,Year-on-year
2022-01-01,2022,1,January,2022Q1,2022-01,Cost-of-living crisis (2022–2023),3,Strong growth (3% or more),implied_deflator_yoy_pct,7.0,Implied deflator growth,Year-on-year
2022-02-01,2022,2,February,2022Q1,2022-02,Cost-of-living crisis (2022–2023),3,Strong growth (3% or more),implied_deflator_yoy_pct,8.0,Implied deflator growth,Year-on-year
2022-03-01,2022,3,March,2022Q1,2022-03,Cost-of-living crisis (2022–2023),3,Moderate growth (below 3%),implied_deflator_yoy_pct,10.2,Implied deflator growth,Year-on-year
2022-04-01,2022,4,April,2022Q2,2022-04,Cost-of-living crisis (2022–2023),3,Contraction,implied_deflator_yoy_pct,10.6,Implied deflator growth,Year-on-year
2022-05-01,2022,5,May,2022Q2,2022-05,Cost-of-living crisis (2022–2023),3,Contraction,implied_deflator_yoy_pct,11.0,Implied deflator growth,Year-on-year
2022-06-01,2022,6,June,2022Q2,2022-06,Cost-of-living crisis (2022–2023),3,Contraction,implied_deflator_yoy_pct,12.0,Implied deflator growth,Year-on-year
2022-07-01,2022,7,July,2022Q3,2022-07,Cost-of-living crisis (2022–2023),3,Contraction,implied_deflator_yoy_pct,13.0,Implied deflator growth,Year-on-year
2022-08-01,2022,8,August,2022Q3,2022-08,Cost-of-living crisis (2022–2023),3,Contraction,implied_deflator_yoy_pct,12.3,Implied deflator growth,Year-on-year
2022-09-01,2022,9,September,2022Q3,2022-09,Cost-of-living crisis (2022–2023),3,Contraction,implied_deflator_yoy_pct,12.8,Implied deflator growth,Year-on-year
2022-10-01,2022,10,October,2022Q4,2022-10,Cost-of-living crisis (2022–2023),3,Contraction,implied_deflator_yoy_pct,12.3,Implied deflator growth,Year-on-year
2022-11-01,2022,11,November,2022Q4,2022-11,Cost-of-living crisis (2022–2023),3,Contraction,implied_deflator_yoy_pct,11.6,Implied deflator growth,Year-on-year
2022-12-01,2022,12,December,2022Q4,2022-12,Cost-of-living crisis (2022–2023),3,Contraction,implied_deflator_yoy_pct,10.9,Implied deflator growth,Year-on-year
2023-01-01,2023,1,January,2023Q1,2023-01,Cost-of-living crisis (2022–2023),3,Contraction,implied_deflator_yoy_pct,10.4,Implied deflator growth,Year-on-year
2023-02-01,2023,2,February,2023Q1,2023-02,Cost-of-living crisis (2022–2023),3,Contraction,implied_deflator_yoy_pct,10.2,Implied deflator growth,Year-on-year
2023-03-01,2023,3,March,2023Q1,2023-03,Cost-of-living crisis (2022–2023),3,Contraction,implied_deflator_yoy_pct,8.5,Implied deflator growth,Year-on-year
2023-04-01,2023,4,April,2023Q2,2023-04,Cost-of-living crisis (2022–2023),3,Contraction,implied_deflator_yoy_pct,8.4,Implied deflator growth,Year-on-year
2023-05-01,2023,5,May,2023Q2,2023-05,Cost-of-living crisis (2022–2023),3,Contraction,implied_deflator_yoy_pct,7.4,Implied deflator growth,Year-on-year
2023-06-01,2023,6,June,2023Q2,2023-06,Cost-of-living crisis (2022–2023),3,Contraction,implied_deflator_yoy_pct,5.4,Implied deflator growth,Year-on-year
2023-07-01,2023,7,July,2023Q3,2023-07,Cost-of-living crisis (2022–2023),3,Contraction,implied_deflator_yoy_pct,4.4,Implied deflator growth,Year-on-year
2023-08-01,2023,8,August,2023Q3,2023-08,Cost-of-living crisis (2022–2023),3,Contraction,implied_deflator_yoy_pct,5.5,Implied deflator growth,Year-on-year
2023-09-01,2023,9,September,2023Q3,2023-09,Cost-of-living crisis (2022–2023),3,Contraction,implied_deflator_yoy_pct,5.6,Implied deflator growth,Year-on-year
2023-10-01,2023,10,October,2023Q4,2023-10,Cost-of-living crisis (2022–2023),3,Contraction,implied_deflator_yoy_pct,5.4,Implied deflator growth,Year-on-year
2023-11-01,2023,11,November,2023Q4,2023-11,Cost-of-living crisis (2022–2023),3,Moderate growth (below 3%),implied_deflator_yoy_pct,4.2,Implied deflator growth,Year-on-year
2023-12-01,2023,12,December,2023Q4,2023-12,Cost-of-living crisis (2022–2023),3,Contraction,implied_deflator_yoy_pct,4.1,Implied deflator growth,Year-on-year
2024-01-01,2024,1,January,2024Q1,2024-01,Recent period (2024–2026),4,Contraction,implied_deflator_yoy_pct,3.4,Implied deflator growth,Year-on-year
2024-02-01,2024,2,February,2024Q1,2024-02,Recent period (2024–2026),4,Contraction,implied_deflator_yoy_pct,2.7,Implied deflator growth,Year-on-year
2024-03-01,2024,3,March,2024Q1,2024-03,Recent period (2024–2026),4,Contraction,implied_deflator_yoy_pct,2.4,Implied deflator growth,Year-on-year
2024-04-01,2024,4,April,2024Q2,2024-04,Recent period (2024–2026),4,Contraction,implied_deflator_yoy_pct,1.9,Implied deflator growth,Year-on-year
2024-05-01,2024,5,May,2024Q2,2024-05,Recent period (2024–2026),4,Moderate growth (below 3%),implied_deflator_yoy_pct,1.4,Implied deflator growth,Year-on-year
2024-06-01,2024,6,June,2024Q2,2024-06,Recent period (2024–2026),4,Contraction,implied_deflator_yoy_pct,1.2,Implied deflator growth,Year-on-year
2024-07-01,2024,7,July,2024Q3,2024-07,Recent period (2024–2026),4,Moderate growth (below 3%),implied_deflator_yoy_pct,1.2,Implied deflator growth,Year-on-year
2024-08-01,2024,8,August,2024Q3,2024-08,Recent period (2024–2026),4,Moderate growth (below 3%),implied_deflator_yoy_pct,0.1,Implied deflator growth,Year-on-year
2024-09-01,2024,9,September,2024Q3,2024-09,Recent period (2024–2026),4,Moderate growth (below 3%),implied_deflator_yoy_pct,-0.9,Implied deflator growth,Year-on-year
2024-10-01,2024,10,October,2024Q4,2024-10,Recent period (2024–2026),4,Moderate growth (below 3%),implied_deflator_yoy_pct,-1.1,Implied deflator growth,Year-on-year
2024-11-01,2024,11,November,2024Q4,2024-11,Recent period (2024–2026),4,Contraction,implied_deflator_yoy_pct,-0.4,Implied deflator growth,Year-on-year
2024-12-01,2024,12,December,2024Q4,2024-12,Recent period (2024–2026),4,Strong growth (3% or more),implied_deflator_yoy_pct,0.2,Implied deflator growth,Year-on-year
2025-01-01,2025,1,January,2025Q1,2025-01,Recent period (2024–2026),4,Contraction,implied_deflator_yoy_pct,1.3,Implied deflator growth,Year-on-year
2025-02-01,2025,2,February,2025Q1,2025-02,Recent period (2024–2026),4,Moderate growth (below 3%),implied_deflator_yoy_pct,1.0,Implied deflator growth,Year-on-year
2025-03-01,2025,3,March,2025Q1,2025-03,Recent period (2024–2026),4,Moderate growth (below 3%),implied_deflator_yoy_pct,0.6,Implied deflator growth,Year-on-year
2025-04-01,2025,4,April,2025Q2,2025-04,Recent period (2024–2026),4,Strong growth (3% or more),implied_deflator_yoy_pct,0.0,Implied deflator growth,Year-on-year
2025-05-01,2025,5,May,2025Q2,2025-05,Recent period (2024–2026),4,Contraction,implied_deflator_yoy_pct,0.4,Implied deflator growth,Year-on-year
2025-06-01,2025,6,June,2025Q2,2025-06,Recent period (2024–2026),4,Moderate growth (below 3%),implied_deflator_yoy_pct,1.0,Implied deflator growth,Year-on-year
2025-07-01,2025,7,July,2025Q3,2025-07,Recent period (2024–2026),4,Moderate growth (below 3%),implied_deflator_yoy_pct,1.2,Implied deflator growth,Year-on-year
2025-08-01,2025,8,August,2025Q3,2025-08,Recent period (2024–2026),4,Moderate growth (below 3%),implied_deflator_yoy_pct,1.6,Implied deflator growth,Year-on-year
2025-09-01,2025,9,September,2025Q3,2025-09,Recent period (2024–2026),4,Moderate growth (below 3%),implied_deflator_yoy_pct,1.7,Implied deflator growth,Year-on-year
2025-10-01,2025,10,October,2025Q4,2025-10,Recent period (2024–2026),4,Moderate growth (below 3%),implied_deflator_yoy_pct,2.1,Implied deflator growth,Year-on-year
2025-11-01,2025,11,November,2025Q4,2025-11,Recent period (2024–2026),4,Moderate growth (below 3%),implied_deflator_yoy_pct,1.6,Implied deflator growth,Year-on-year
2025-12-01,2025,12,December,2025Q4,2025-12,Recent period (2024–2026),4,Moderate growth (below 3%),implied_deflator_yoy_pct,1.8,Implied deflator growth,Year-on-year
2026-01-01,2026,1,January,2026Q1,2026-01,Recent period (2024–2026),4,Strong growth (3% or more),implied_deflator_yoy_pct,0.9,Implied deflator growth,Year-on-year
2026-02-01,2026,2,February,2026Q1,2026-02,Recent period (2024–2026),4,Moderate growth (below 3%),implied_deflator_yoy_pct,1.0,Implied deflator growth,Year-on-year
2026-03-01,2026,3,March,2026Q1,2026-03,Recent period (2024–2026),4,Moderate growth (below 3%),implied_deflator_yoy_pct,2.8,Implied deflator growth,Year-on-year
2026-04-01,2026,4,April,2026Q2,2026-04,Recent period (2024–2026),4,No change,implied_deflator_yoy_pct,4.7,Implied deflator growth,Year-on-year
2026-05-01,2026,5,May,2026Q2,2026-05,Recent period (2024–2026),4,Strong growth (3% or more),implied_deflator_yoy_pct,3.9,Implied deflator growth,Year-on-year
2026-06-01,2026,6,June,2026Q2,2026-06,Recent period (2024–2026),4,Strong growth (3% or more),implied_deflator_yoy_pct,3.2,Implied deflator growth,Year-on-year
2026-07-01,2026,7,July,2026Q3,2026-07,Recent period (2024–2026),4,Moderate growth (below 3%),implied_deflator_yoy_pct,2.8,Implied deflator growth,Year-on-year
2026-08-01,2026,8,August,2026Q3,2026-08,Recent period (2024–2026),4,Moderate growth (below 3%),implied_deflator_yoy_pct,3.5,Implied deflator growth,Year-on-year
